ABR20103.1,B0EXJ8.1,100.000,355,0,0,1,355,1,355,0.0,736,100.00
ABR20103.1,KAI5660804.1,99.437,355,2,0,1,355,1,355,0.0,731,99.44
ABR20103.1,KAI5661763.1,84.314,357,50,3,1,355,1,353,0.0,615,90.76
ABR20103.1,QBY35563.1,70.278,360,100,6,1,355,1,358,2.39e-180,511,82.22
ABR20103.1,AAR02419.1,65.385,364,112,7,1,355,1,359,7.11e-166,474,78.30
ABR20103.1,KAI5661762.1,65.385,364,112,7,1,355,355,713,2.10e-160,473,78.30
ABR20103.1,KAI5661762.1,62.079,356,126,5,1,352,1,351,6.07e-149,444,76.12
ABR20103.1,XIT78073.1,64.365,362,117,6,1,355,3,359,4.66e-157,452,75.69
ABR20103.1,AAR02421.1,62.396,359,126,5,1,355,1,354,7.13e-157,451,76.32
ABR20103.1,XUJ55405.1,64.365,362,117,6,1,355,3,359,1.33e-156,451,75.41
ABR20103.1,XIT78072.1,63.812,362,119,6,1,355,3,359,9.23e-156,449,75.41
ABR20103.1,Q8GSN1.1,62.117,359,121,7,1,355,1,348,2.10e-153,442,77.99
ABR20103.1,AAR02417.1,65.546,357,112,5,1,355,1,348,4.43e-153,442,78.15
ABR20103.1,XIT78074.1,63.812,362,119,6,1,355,3,359,8.14e-152,439,74.31
ABR20103.1,KAI5661758.1,59.497,358,134,6,1,355,1,350,1.87e-146,425,74.30
ABR20103.1,KAI7980043.1,59.331,359,137,5,1,355,5,358,1.74e-145,423,73.26
ABR20103.1,KAL7215887.1,58.774,359,139,5,1,355,5,358,2.86e-144,420,72.98
ABR20103.1,AXK92565.1,58.989,356,137,5,4,355,6,356,4.81e-144,419,74.16
ABR20103.1,KAI8008204.1,58.774,359,139,5,1,355,5,358,1.72e-143,418,73.26
ABR20103.1,GMP67410.1,58.774,359,139,5,1,355,5,358,2.07e-143,417,72.42
ABR20103.1,KAI7980042.1,58.939,358,139,5,1,355,5,357,3.68e-143,417,73.18
ABR20103.1,AXF35975.1,62.674,359,123,7,3,355,3,356,4.23e-143,417,76.60
ABR20103.1,A0A2Z5P0W7.2,62.674,359,123,7,3,355,1,354,5.48e-143,416,76.60
ABR20103.1,KAI8008205.1,58.939,358,139,5,1,355,5,357,9.73e-143,416,72.91
ABR20103.1,XP_028119738.2,58.496,359,140,5,1,355,5,358,1.38e-142,416,72.42
ABR20103.1,XP_027061110.1,57.835,351,135,5,7,355,45,384,8.58e-142,414,74.36
ABR20103.1,CDP15886.1,58.120,351,134,5,7,355,9,348,1.14e-141,413,73.79
ABR20103.1,XP_027173032.1,57.550,351,136,5,7,355,9,348,2.15e-141,412,73.79
ABR20103.1,XP_027061142.1,57.835,351,135,5,7,355,9,348,3.72e-141,411,74.07
ABR20103.1,KAL3538437.1,57.224,353,139,5,5,355,7,349,4.84e-141,411,73.94
ABR20103.1,XP_027062010.1,57.835,351,135,5,7,355,9,348,5.69e-141,411,74.07
ABR20103.1,XP_027065046.1,58.120,351,134,5,7,355,9,348,7.24e-141,410,73.79
ABR20103.1,XP_027172158.1,57.835,351,135,5,7,355,45,384,1.26e-140,411,73.79
ABR20103.1,XP_027172147.1,57.835,351,135,5,7,355,45,384,1.89e-140,411,73.79
ABR20103.1,XP_027171256.1,57.550,351,136,5,7,355,9,348,2.23e-140,409,73.79
ABR20103.1,XP_027062011.1,58.571,350,132,5,7,354,9,347,4.49e-140,409,74.00
ABR20103.1,CDP19709.1,57.265,351,137,5,7,355,9,348,7.83e-140,408,73.79
ABR20103.1,XP_071904244.1,57.143,350,137,5,7,354,9,347,3.07e-139,407,73.71
ABR20103.1,XP_027062348.1,57.265,351,137,5,7,355,9,348,5.72e-139,406,73.50
ABR20103.1,KAI5661771.1,59.664,357,111,7,1,355,1,326,8.75e-139,404,71.99
ABR20103.1,KAL3509282.1,59.270,356,131,7,4,355,6,351,1.16e-138,405,73.31
ABR20103.1,AAM97498.1,60.056,358,129,7,1,355,1,347,8.86e-138,403,77.37
ABR20103.1,KAI8558531.1,55.462,357,151,5,2,355,6,357,1.17e-137,403,73.67
ABR20103.1,CAR6233909.1,56.303,357,148,5,2,355,7,358,1.41e-137,403,73.67
ABR20103.1,XP_027172146.1,57.353,340,133,4,7,344,9,338,1.69e-137,402,74.12
ABR20103.1,KAL3509278.1,55.932,354,144,5,4,355,6,349,2.18e-137,402,73.16
ABR20103.1,KAA8526317.1,57.865,356,139,7,5,355,10,359,1.30e-136,400,73.60
ABR20103.1,XP_058210860.1,54.902,357,153,5,2,355,6,357,1.54e-136,400,73.39
ABR20103.1,KAG6737942.1,55.742,357,150,5,2,355,7,358,2.01e-136,400,71.71
ABR20103.1,KAH7844778.1,54.902,357,153,5,2,355,6,357,2.12e-136,400,73.11
ABR20103.1,KAL7185435.1,59.053,359,138,5,1,355,5,358,3.14e-136,399,72.70
sp|U5NH37|7DLGT_CATRO,U5NH37.1,100.000,482,0,0,1,482,1,482,0.0,1001,100.00
sp|U5NH37|7DLGT_CATRO,AGX93072.1,99.793,482,1,0,1,482,1,482,0.0,1000,100.00
sp|U5NH37|7DLGT_CATRO,U3U992.1,99.793,482,1,0,1,482,1,482,0.0,999,99.79
sp|U5NH37|7DLGT_CATRO,XHC56418.1,92.324,482,37,0,1,482,1,482,0.0,919,97.51
sp|U5NH37|7DLGT_CATRO,AGX93068.1,92.116,482,38,0,1,482,1,482,0.0,917,97.30
sp|U5NH37|7DLGT_CATRO,AGX93069.1,92.531,482,36,0,1,482,1,482,0.0,912,96.89
sp|U5NH37|7DLGT_CATRO,AGX93071.1,88.382,482,56,0,1,482,1,482,0.0,912,95.64
sp|U5NH37|7DLGT_CATRO,WIE96231.1,87.552,482,60,0,1,482,1,482,0.0,899,94.81
sp|U5NH37|7DLGT_CATRO,AGX93070.1,90.456,482,46,0,1,482,1,482,0.0,896,95.64
sp|U5NH37|7DLGT_CATRO,XYA23381.1,84.823,481,73,0,1,481,1,481,0.0,875,93.14
sp|U5NH37|7DLGT_CATRO,AGX93067.1,83.958,480,77,0,3,482,4,483,0.0,872,94.17
sp|U5NH37|7DLGT_CATRO,KAL3521160.1,83.958,480,77,0,3,482,4,483,0.0,872,94.17
sp|U5NH37|7DLGT_CATRO,CAI9091610.1,84.200,481,76,0,1,481,3,483,0.0,871,92.93
sp|U5NH37|7DLGT_CATRO,KAL2548758.1,82.573,482,84,0,1,482,1,482,0.0,852,92.12
sp|U5NH37|7DLGT_CATRO,KAL2548807.1,82.573,482,84,0,1,482,43,524,0.0,851,92.32
sp|U5NH37|7DLGT_CATRO,CAN8727478.1,81.913,481,85,1,1,481,1,479,0.0,847,91.89
sp|U5NH37|7DLGT_CATRO,CAN8703582.1,81.705,481,86,1,1,481,1,479,0.0,846,91.89
sp|U5NH37|7DLGT_CATRO,CAN8738110.1,81.705,481,86,1,1,481,1,479,0.0,846,91.89
sp|U5NH37|7DLGT_CATRO,AKI87764.1,79.668,482,98,0,1,482,1,482,0.0,846,92.32
sp|U5NH37|7DLGT_CATRO,KAK2975665.1,81.513,476,85,1,6,481,3,475,0.0,830,90.55
sp|U5NH37|7DLGT_CATRO,KAK3031053.1,80.882,476,88,1,6,481,3,475,0.0,824,90.34
sp|U5NH37|7DLGT_CATRO,KAK3031054.1,80.973,473,87,1,9,481,6,475,0.0,820,90.49
sp|U5NH37|7DLGT_CATRO,KAL2548747.1,79.046,482,101,0,1,482,1,482,0.0,818,89.21
sp|U5NH37|7DLGT_CATRO,XP_071934566.1,78.144,485,103,2,1,482,1,485,0.0,811,89.07
sp|U5NH37|7DLGT_CATRO,XP_027155763.1,77.938,485,104,2,1,482,1,485,0.0,810,88.87
sp|U5NH37|7DLGT_CATRO,AGX93066.1,75.665,489,112,1,1,482,1,489,0.0,809,89.57
sp|U5NH37|7DLGT_CATRO,KAM7482486.1,75.820,488,112,1,1,482,1,488,0.0,809,89.75
sp|U5NH37|7DLGT_CATRO,KAM7479166.1,75.820,488,112,1,1,482,1,488,0.0,808,89.75
sp|U5NH37|7DLGT_CATRO,CAI9775661.1,77.755,481,106,1,1,480,1,481,0.0,806,89.40
sp|U5NH37|7DLGT_CATRO,ALV83447.1,77.339,481,109,0,1,481,5,485,0.0,804,88.57
sp|U5NH37|7DLGT_CATRO,KAL2525783.1,77.386,482,109,0,1,482,1,482,0.0,803,88.80
sp|U5NH37|7DLGT_CATRO,XP_022869718.1,76.398,483,113,1,1,482,1,483,0.0,802,89.65
sp|U5NH37|7DLGT_CATRO,XP_022855172.1,77.131,481,110,0,1,481,5,485,0.0,801,88.36
sp|U5NH37|7DLGT_CATRO,KAL2525782.1,77.178,482,110,0,1,482,1,482,0.0,799,87.97
sp|U5NH37|7DLGT_CATRO,XP_022855173.1,76.349,482,114,0,1,482,1,482,0.0,799,88.59
sp|U5NH37|7DLGT_CATRO,XP_027109740.2,76.907,485,109,2,1,482,4,488,0.0,798,88.25
sp|U5NH37|7DLGT_CATRO,CAA3017168.1,75.934,482,116,0,1,482,1,482,0.0,797,88.59
sp|U5NH37|7DLGT_CATRO,KAH7839427.1,75.468,481,115,1,4,481,5,485,0.0,795,88.77
sp|U5NH37|7DLGT_CATRO,KAM7482485.1,73.770,488,122,1,1,482,1,488,0.0,791,88.32
sp|U5NH37|7DLGT_CATRO,KAM7479165.1,73.566,488,123,1,1,482,1,488,0.0,790,88.32
sp|U5NH37|7DLGT_CATRO,CAA3011328.1,75.776,483,116,1,1,482,1,483,0.0,789,88.61
sp|U5NH37|7DLGT_CATRO,KAA8539652.1,76.860,484,110,1,1,482,180,663,0.0,789,88.22
sp|U5NH37|7DLGT_CATRO,XP_022855174.1,75.311,482,119,0,1,482,1,482,0.0,787,87.76
sp|U5NH37|7DLGT_CATRO,KAL3523920.1,75.569,483,116,2,1,481,1,483,0.0,786,87.78
sp|U5NH37|7DLGT_CATRO,CAA3022364.1,75.519,482,118,0,1,482,1,482,0.0,783,87.34
sp|U5NH37|7DLGT_CATRO,CAI9772955.1,74.896,482,121,0,1,482,1,482,0.0,782,86.31
sp|U5NH37|7DLGT_CATRO,KAL3523921.1,75.000,484,119,2,1,482,1,484,0.0,782,86.36
sp|U5NH37|7DLGT_CATRO,CAI9772953.1,75.519,482,118,0,1,482,1,482,0.0,782,86.72
sp|U5NH37|7DLGT_CATRO,CAA3022363.1,75.726,482,117,0,1,482,5,486,0.0,781,86.72
sp|U5NH37|7DLGT_CATRO,XP_058181841.1,74.691,486,119,2,1,482,1,486,0.0,781,87.04
sp|U5NE19|7DLH_CATRO,U5NE19.1,100.000,521,0,0,1,521,1,521,0.0,1077,100.00
sp|U5NE19|7DLH_CATRO,AGX93059.1,92.322,521,39,1,1,521,1,520,0.0,1002,96.16
sp|U5NE19|7DLH_CATRO,XHC56419.1,91.171,521,44,1,1,521,1,519,0.0,999,96.55
sp|U5NE19|7DLH_CATRO,AGX93058.1,90.541,518,47,1,4,521,3,518,0.0,992,96.33
sp|U5NE19|7DLH_CATRO,AGX93060.1,89.827,521,51,1,1,521,1,519,0.0,989,95.97
sp|U5NE19|7DLH_CATRO,AGX93061.1,90.038,522,49,2,1,521,1,520,0.0,982,95.59
sp|U5NE19|7DLH_CATRO,AGX93057.1,88.100,521,60,1,1,521,1,519,0.0,976,95.01
sp|U5NE19|7DLH_CATRO,KAL3508818.1,87.908,521,61,1,1,521,1,519,0.0,974,95.01
sp|U5NE19|7DLH_CATRO,WIE96232.1,86.756,521,67,1,1,521,5,523,0.0,968,95.01
sp|U5NE19|7DLH_CATRO,QWX38540.1,84.069,521,80,2,1,521,4,521,0.0,929,91.75
sp|U5NE19|7DLH_CATRO,XYA23382.1,82.342,521,89,2,1,521,1,518,0.0,908,90.98
sp|U5NE19|7DLH_CATRO,CAI9088915.1,80.077,517,101,1,5,521,6,520,0.0,885,90.33
sp|U5NE19|7DLH_CATRO,QNS30009.1,79.271,521,106,1,1,521,1,519,0.0,884,89.83
sp|U5NE19|7DLH_CATRO,QBM10924.1,79.764,509,98,2,13,521,14,517,0.0,873,90.18
sp|U5NE19|7DLH_CATRO,BBI55003.1,79.175,509,101,2,13,521,14,517,0.0,865,89.78
sp|U5NE19|7DLH_CATRO,AKI87771.1,76.967,521,112,2,1,521,1,513,0.0,856,88.48
sp|U5NE19|7DLH_CATRO,ALJ10970.1,76.967,521,112,2,1,521,1,513,0.0,855,88.29
sp|U5NE19|7DLH_CATRO,AKI87763.1,76.967,521,112,2,1,521,1,513,0.0,855,88.29
sp|U5NE19|7DLH_CATRO,CAN8777553.1,76.392,521,120,2,1,521,1,518,0.0,852,87.91
sp|U5NE19|7DLH_CATRO,CAN8800300.1,76.583,521,119,2,1,521,1,518,0.0,851,87.72
sp|U5NE19|7DLH_CATRO,CAN8781707.1,76.392,521,120,2,1,521,1,518,0.0,850,87.72
sp|U5NE19|7DLH_CATRO,AGX93056.1,76.367,512,116,4,11,521,12,519,0.0,830,89.06
sp|U5NE19|7DLH_CATRO,KAM7498549.1,76.367,512,116,4,11,521,15,522,0.0,829,88.87
sp|U5NE19|7DLH_CATRO,KAM7503867.1,76.367,512,116,4,11,521,15,522,0.0,828,88.87
sp|U5NE19|7DLH_CATRO,KAK3009358.1,72.937,521,138,2,1,521,7,524,0.0,798,84.84
sp|U5NE19|7DLH_CATRO,KAK3011388.1,72.553,521,140,2,1,521,1,518,0.0,795,84.45
sp|U5NE19|7DLH_CATRO,KAK2992117.1,72.361,521,141,2,1,521,7,524,0.0,793,84.64
sp|U5NE19|7DLH_CATRO,AIL49061.1,73.704,521,131,4,1,520,5,520,0.0,788,83.49
sp|U5NE19|7DLH_CATRO,KAM7492486.1,68.582,522,161,3,1,521,3,522,0.0,770,84.10
sp|U5NE19|7DLH_CATRO,KAK2992116.1,68.714,521,160,2,1,521,1,518,0.0,760,82.92
sp|U5NE19|7DLH_CATRO,CAI9088913.1,67.625,522,164,3,1,521,3,520,0.0,757,81.61
sp|U5NE19|7DLH_CATRO,KAK3011389.1,68.834,523,156,3,1,521,1,518,0.0,752,81.84
sp|U5NE19|7DLH_CATRO,CAN8800302.1,66.092,522,172,3,1,521,3,520,0.0,744,81.42
sp|U5NE19|7DLH_CATRO,XP_059650995.1,67.379,515,165,2,8,521,5,517,0.0,742,82.33
sp|U5NE19|7DLH_CATRO,KAM7517455.1,67.113,523,168,4,1,521,3,523,0.0,741,82.22
sp|U5NE19|7DLH_CATRO,XYA23390.1,65.891,516,173,2,7,521,10,523,0.0,741,82.36
sp|U5NE19|7DLH_CATRO,KAM7513623.1,67.113,523,168,4,1,521,3,523,0.0,741,82.22
sp|U5NE19|7DLH_CATRO,CAN8781706.1,65.900,522,173,3,1,521,3,520,0.0,739,80.84
sp|U5NE19|7DLH_CATRO,CAN8795004.1,65.517,522,175,3,1,521,3,520,0.0,735,80.84
sp|U5NE19|7DLH_CATRO,CAN8777551.1,65.517,522,175,3,1,521,3,520,0.0,735,80.84
sp|U5NE19|7DLH_CATRO,WMD26768.1,67.625,522,164,4,1,521,1,518,0.0,733,81.23
sp|U5NE19|7DLH_CATRO,QOI02196.1,69.583,503,149,3,20,521,22,521,0.0,730,82.50
sp|U5NE19|7DLH_CATRO,KAA8524065.1,68.199,522,162,3,1,521,3,521,0.0,729,81.42
sp|U5NE19|7DLH_CATRO,UNP59806.1,67.433,522,166,3,1,521,1,519,0.0,726,81.03
sp|U5NE19|7DLH_CATRO,KAM7495357.1,68.182,506,158,2,16,521,19,521,0.0,721,84.19
sp|U5NE19|7DLH_CATRO,KAM7492488.1,68.182,506,158,2,16,521,19,521,0.0,719,84.19
sp|U5NE19|7DLH_CATRO,XP_027164185.1,64.479,518,180,2,4,521,5,518,0.0,719,81.85
sp|U5NE19|7DLH_CATRO,WZH35016.1,64.672,518,180,2,4,521,5,519,0.0,718,81.27
sp|U5NE19|7DLH_CATRO,WRW51047.1,83.896,385,60,1,1,385,1,383,0.0,692,92.73
sp|U5NE19|7DLH_CATRO,WZH35015.1,61.333,525,197,3,1,521,3,525,0.0,687,80.00
sp|W8JWV8|8HGO_CATRO,W8JWV8.1,100.000,378,0,0,1,378,1,378,0.0,769,100.00
sp|W8JWV8|8HGO_CATRO,XYA23379.1,87.302,378,45,1,1,378,1,375,0.0,676,93.39
sp|W8JWV8|8HGO_CATRO,KAL3498419.1,85.714,378,51,1,1,378,1,375,0.0,674,93.39
sp|W8JWV8|8HGO_CATRO,CAI9093495.1,85.450,378,52,1,1,378,732,1106,0.0,673,91.80
sp|W8JWV8|8HGO_CATRO,XP_027181307.1,83.862,378,58,1,1,378,1,375,0.0,661,92.59
sp|W8JWV8|8HGO_CATRO,XP_027081898.1,83.862,378,58,1,1,378,1,375,0.0,661,92.59
sp|W8JWV8|8HGO_CATRO,AKI87769.1,84.392,378,57,1,1,378,1,376,0.0,658,91.27
sp|W8JWV8|8HGO_CATRO,AKI87770.1,84.127,378,58,1,1,378,1,376,0.0,657,91.27
sp|W8JWV8|8HGO_CATRO,AKI87768.1,83.862,378,59,1,1,378,1,376,0.0,652,90.74
sp|W8JWV8|8HGO_CATRO,KAL2544851.1,81.746,378,66,1,1,378,1,375,0.0,649,91.53
sp|W8JWV8|8HGO_CATRO,KAL2544805.1,81.481,378,67,1,1,378,1,375,0.0,647,91.53
sp|W8JWV8|8HGO_CATRO,CAN8787414.1,82.804,378,62,1,1,378,1,375,0.0,645,89.95
sp|W8JWV8|8HGO_CATRO,KAL2517700.1,82.162,370,66,0,9,378,6,375,0.0,645,92.16
sp|W8JWV8|8HGO_CATRO,KAL2517695.1,81.622,370,68,0,9,378,6,375,0.0,642,92.16
sp|W8JWV8|8HGO_CATRO,KAI3468234.1,80.533,375,73,0,4,378,2,376,0.0,637,91.20
sp|W8JWV8|8HGO_CATRO,KAG8375564.1,79.733,375,76,0,4,378,2,376,0.0,635,91.20
sp|W8JWV8|8HGO_CATRO,PIN02265.1,79.467,375,77,0,4,378,2,376,0.0,635,91.47
sp|W8JWV8|8HGO_CATRO,CAK9140387.1,80.159,378,72,1,1,378,1,375,0.0,634,91.01
sp|W8JWV8|8HGO_CATRO,CDP16164.1,83.862,378,58,1,1,378,1,375,0.0,630,91.80
sp|W8JWV8|8HGO_CATRO,CAA2997912.1,78.571,378,78,1,1,378,21,395,0.0,627,89.42
sp|W8JWV8|8HGO_CATRO,XP_020549820.1,79.088,373,78,0,6,378,5,377,0.0,627,91.15
sp|W8JWV8|8HGO_CATRO,XP_027085518.1,83.333,378,60,1,1,378,1,375,0.0,627,91.53
sp|W8JWV8|8HGO_CATRO,XP_022853375.1,78.307,378,79,1,1,378,21,395,0.0,626,89.15
sp|W8JWV8|8HGO_CATRO,XP_022853376.1,78.571,378,78,1,1,378,1,375,0.0,625,89.15
sp|W8JWV8|8HGO_CATRO,CAI9755657.1,79.412,374,77,0,5,378,2,375,0.0,625,89.57
sp|W8JWV8|8HGO_CATRO,XP_051137809.1,77.836,379,83,1,1,378,1,379,0.0,624,89.71
sp|W8JWV8|8HGO_CATRO,CAA0810577.1,78.400,375,81,0,4,378,2,376,0.0,623,89.87
sp|W8JWV8|8HGO_CATRO,KAK2966559.1,79.357,373,76,1,7,378,4,376,0.0,623,90.35
sp|W8JWV8|8HGO_CATRO,KAK6140937.1,78.400,375,81,0,4,378,2,376,0.0,623,90.13
sp|W8JWV8|8HGO_CATRO,KAK6161839.1,78.133,375,82,0,4,378,2,376,0.0,622,90.13
sp|W8JWV8|8HGO_CATRO,KAL8537180.1,78.133,375,82,0,4,378,2,376,0.0,622,89.60
sp|W8JWV8|8HGO_CATRO,MIH5272317.1,78.133,375,80,1,4,378,2,374,0.0,622,91.20
sp|W8JWV8|8HGO_CATRO,CAA2997913.1,78.307,378,78,2,1,378,21,394,0.0,621,89.15
sp|W8JWV8|8HGO_CATRO,ALG62779.1,78.042,378,80,1,1,378,21,395,0.0,621,88.36
sp|W8JWV8|8HGO_CATRO,KAL8537182.1,77.867,375,83,0,4,378,2,376,0.0,619,89.60
sp|W8JWV8|8HGO_CATRO,WNE31664.1,77.333,375,85,0,4,378,2,376,0.0,619,90.13
sp|W8JWV8|8HGO_CATRO,AEQ04839.1,77.778,378,81,1,1,378,1,375,0.0,619,88.10
sp|W8JWV8|8HGO_CATRO,MIM5528194.1,77.867,375,83,0,4,378,2,376,0.0,619,89.60
sp|W8JWV8|8HGO_CATRO,KAM7477308.1,79.265,381,73,3,1,378,1,378,0.0,619,88.71
sp|W8JWV8|8HGO_CATRO,GFP80254.1,78.976,371,78,0,8,378,3,373,0.0,618,90.57
sp|W8JWV8|8HGO_CATRO,CAQ4158777.1,77.807,374,82,1,6,378,4,377,0.0,618,90.64
sp|W8JWV8|8HGO_CATRO,KAM7480716.1,79.003,381,74,3,1,378,1,378,0.0,616,88.45
sp|W8JWV8|8HGO_CATRO,KAN5414928.1,77.333,375,85,0,4,378,3,377,0.0,615,89.07
sp|W8JWV8|8HGO_CATRO,KAN8724247.1,77.867,375,83,0,4,378,2,376,0.0,615,89.07
sp|W8JWV8|8HGO_CATRO,KAN3212043.1,76.862,376,86,1,4,378,2,377,0.0,615,90.43
sp|W8JWV8|8HGO_CATRO,MIM5538145.1,77.600,375,84,0,4,378,2,376,0.0,614,89.33
sp|W8JWV8|8HGO_CATRO,KAL3650824.1,77.867,375,83,0,4,378,2,376,0.0,614,89.07
sp|W8JWV8|8HGO_CATRO,CAN5992090.1,77.236,369,83,1,11,378,8,376,0.0,613,91.87
sp|W8JWV8|8HGO_CATRO,XP_011081820.1,77.249,378,85,1,1,378,1,377,0.0,612,89.15
sp|W8JWV8|8HGO_CATRO,KAK4490927.1,74.933,375,94,0,4,378,542,916,0.0,612,89.07
sp|A0A2S1XB67|ASO_CATRO,A0A2S1XB67.1,100.000,529,0,0,1,529,1,529,0.0,1086,100.00
sp|A0A2S1XB67|ASO_CATRO,KAI5648027.1,99.811,529,1,0,1,529,1,529,0.0,1084,100.00
sp|A0A2S1XB67|ASO_CATRO,A0A5B8XB28.1,72.830,530,143,1,1,529,1,530,0.0,804,84.91
sp|A0A2S1XB67|ASO_CATRO,A0A5B8X7E6.1,74.656,509,127,2,22,528,21,529,0.0,752,85.27
sp|A0A2S1XB67|ASO_CATRO,AYE56101.1,73.725,510,126,4,23,529,26,530,0.0,743,85.29
sp|A0A2S1XB67|ASO_CATRO,KAI5648026.1,71.107,533,137,5,1,529,18,537,0.0,736,81.24
sp|A0A2S1XB67|ASO_CATRO,AYE56102.1,69.171,519,159,1,12,529,13,531,0.0,723,82.66
sp|A0A2S1XB67|ASO_CATRO,AYE56103.1,67.176,524,171,1,1,523,1,524,0.0,712,81.49
sp|A0A2S1XB67|ASO_CATRO,A0A5B8X6A1.1,68.015,519,165,1,12,529,13,531,0.0,711,81.50
sp|A0A2S1XB67|ASO_CATRO,XHA77556.1,61.431,503,189,4,26,525,28,528,0.0,615,78.33
sp|A0A2S1XB67|ASO_CATRO,XHA77553.1,58.235,510,206,5,25,529,27,534,0.0,592,75.49
sp|A0A2S1XB67|ASO_CATRO,XHA77554.1,57.331,532,218,7,1,525,1,530,0.0,588,74.81
sp|A0A2S1XB67|ASO_CATRO,XHA77559.1,57.303,534,217,8,1,526,1,531,0.0,585,75.66
sp|A0A2S1XB67|ASO_CATRO,CDP15693.1,57.663,522,211,7,14,528,23,541,0.0,583,75.86
sp|A0A2S1XB67|ASO_CATRO,XHA77563.1,56.792,530,220,7,1,523,2,529,0.0,580,75.09
sp|A0A2S1XB67|ASO_CATRO,XP_027073200.2,57.280,522,213,7,14,528,16,534,0.0,580,75.86
sp|A0A2S1XB67|ASO_CATRO,XP_027179532.1,57.803,519,211,6,14,526,16,532,0.0,580,75.72
sp|A0A2S1XB67|ASO_CATRO,XP_027078119.2,57.570,535,215,9,2,528,19,549,0.0,577,74.77
sp|A0A2S1XB67|ASO_CATRO,KAI5669986.1,56.947,511,204,6,25,523,27,533,0.0,575,76.13
sp|A0A2S1XB67|ASO_CATRO,XP_027074111.2,57.196,535,217,9,2,528,19,549,0.0,573,74.58
sp|A0A2S1XB67|ASO_CATRO,XP_057466222.1,55.263,532,232,5,1,528,1,530,0.0,572,73.87
sp|A0A2S1XB67|ASO_CATRO,AKF02526.1,56.974,509,207,6,25,523,27,533,0.0,572,76.62
sp|A0A2S1XB67|ASO_CATRO,CDP15695.1,57.196,535,217,9,2,528,19,549,0.0,571,74.39
sp|A0A2S1XB67|ASO_CATRO,XP_027179542.1,57.196,535,217,9,2,528,19,549,0.0,571,74.39
sp|A0A2S1XB67|ASO_CATRO,XUR19206.1,54.887,532,227,8,1,523,2,529,0.0,567,73.87
sp|A0A2S1XB67|ASO_CATRO,XHA77562.1,54.887,532,227,8,1,523,2,529,0.0,567,73.68
sp|A0A2S1XB67|ASO_CATRO,XHA77558.1,56.647,519,215,6,18,529,18,533,0.0,562,73.41
sp|A0A2S1XB67|ASO_CATRO,XHA77561.1,54.426,531,231,7,1,523,2,529,0.0,560,73.07
sp|A0A2S1XB67|ASO_CATRO,XHA77564.1,55.159,533,230,7,2,528,5,534,0.0,558,73.73
sp|A0A2S1XB67|ASO_CATRO,XUR19205.1,55.179,531,228,8,1,523,1,529,0.0,558,73.63
sp|A0A2S1XB67|ASO_CATRO,CDP12587.1,53.700,527,236,5,3,523,4,528,0.0,553,73.24
sp|A0A2S1XB67|ASO_CATRO,XP_027183963.1,53.700,527,236,5,3,523,4,528,0.0,553,72.87
sp|A0A2S1XB67|ASO_CATRO,XP_027086119.2,53.890,527,235,5,3,523,4,528,0.0,552,72.87
sp|A0A2S1XB67|ASO_CATRO,KAL3510804.1,53.545,536,237,8,1,526,1,534,0.0,551,73.13
sp|A0A2S1XB67|ASO_CATRO,XP_027088090.1,53.700,527,236,5,3,523,4,528,0.0,551,72.87
sp|A0A2S1XB67|ASO_CATRO,XP_027088137.1,53.992,526,234,7,3,523,4,526,0.0,548,73.00
sp|A0A2S1XB67|ASO_CATRO,XP_027183964.1,54.183,526,233,7,3,523,4,526,0.0,548,72.81
sp|A0A2S1XB67|ASO_CATRO,KAF3450235.1,55.009,529,228,7,7,528,8,533,0.0,547,70.89
sp|A0A2S1XB67|ASO_CATRO,KAL3527636.1,56.371,518,208,7,25,525,25,541,0.0,545,72.97
sp|A0A2S1XB67|ASO_CATRO,XP_027086475.1,53.612,526,236,7,3,523,4,526,0.0,544,72.81
sp|A0A2S1XB67|ASO_CATRO,XHA77560.1,55.600,500,212,6,30,523,32,527,0.0,544,74.20
sp|A0A2S1XB67|ASO_CATRO,XHA77557.1,58.847,503,197,6,26,525,22,517,0.0,543,75.75
sp|A0A2S1XB67|ASO_CATRO,CDP12588.1,53.422,526,237,7,3,523,4,526,0.0,543,72.81
sp|A0A2S1XB67|ASO_CATRO,XP_062162306.1,53.195,532,233,8,1,523,1,525,0.0,539,70.49
sp|A0A2S1XB67|ASO_CATRO,KAJ6950886.1,54.167,528,222,9,9,525,9,527,0.0,537,71.97
sp|A0A2S1XB67|ASO_CATRO,KAG6790829.1,54.167,528,222,9,9,525,9,527,0.0,535,71.78
sp|A0A2S1XB67|ASO_CATRO,KAH7836386.1,54.059,505,225,5,27,528,30,530,0.0,534,73.07
sp|A0A2S1XB67|ASO_CATRO,XP_034897447.1,54.215,522,221,8,9,521,9,521,0.0,533,71.65
sp|A0A2S1XB67|ASO_CATRO,CAI9107376.1,54.183,526,228,10,8,523,8,530,0.0,530,72.62
sp|A0A2S1XB67|ASO_CATRO,XHA77565.1,52.256,532,243,8,4,527,7,535,0.0,530,71.80
sp|A0A2P1GIW2|CS_CATRO,A0A2P1GIW2.1,100.000,330,0,0,1,330,1,330,0.0,683,100.00
sp|A0A2P1GIW2|CS_CATRO,KAI5664999.1,99.091,330,3,0,1,330,1,330,0.0,679,99.39
sp|A0A2P1GIW2|CS_CATRO,WRU92876.1,99.085,328,3,0,3,330,2,329,0.0,674,99.39
sp|A0A2P1GIW2|CS_CATRO,6RT8_A,99.085,328,3,0,3,330,3,330,0.0,673,99.39
sp|A0A2P1GIW2|CS_CATRO,WRU92877.1,77.576,330,64,2,3,328,2,325,0.0,544,87.88
sp|A0A2P1GIW2|CS_CATRO,KAI5675335.1,77.879,330,63,2,3,328,2,325,0.0,544,87.58
sp|A0A2P1GIW2|CS_CATRO,A0A2P1GIY2.1,77.538,325,63,2,8,328,3,321,0.0,536,88.00
sp|A0A2P1GIW2|CS_CATRO,KAI5675338.1,75.455,330,64,3,3,328,2,318,0.0,520,85.45
sp|A0A2P1GIW2|CS_CATRO,WRU92878.1,76.543,324,67,2,8,328,3,320,0.0,518,86.42
sp|A0A2P1GIW2|CS_CATRO,A0A2P1GIW3.1,78.395,324,61,4,8,328,3,320,0.0,516,87.04
sp|A0A2P1GIW2|CS_CATRO,6RS4_A,78.395,324,61,4,8,328,4,321,0.0,516,87.04
sp|A0A2P1GIW2|CS_CATRO,A0A5B8X6S2.1,72.590,332,82,3,1,330,1,325,5.10e-178,503,84.64
sp|A0A2P1GIW2|CS_CATRO,AYE56105.1,73.193,332,80,3,1,330,1,325,1.05e-177,502,83.73
sp|A0A2P1GIW2|CS_CATRO,WRU92890.1,72.590,332,82,3,1,330,1,325,2.15e-177,501,84.34
sp|A0A2P1GIW2|CS_CATRO,AYE56104.1,72.892,332,81,3,1,330,1,325,7.39e-177,500,83.73
sp|A0A2P1GIW2|CS_CATRO,WRU92893.1,71.988,332,84,3,1,330,1,325,9.93e-177,499,84.04
sp|A0A2P1GIW2|CS_CATRO,AYE56107.1,72.948,329,79,3,4,330,3,323,1.86e-176,499,85.11
sp|A0A2P1GIW2|CS_CATRO,WRU92884.1,71.779,326,84,2,7,330,6,325,6.83e-176,498,84.66
sp|A0A2P1GIW2|CS_CATRO,WRU92868.1,72.644,329,80,3,4,330,3,323,1.88e-175,496,84.80
sp|A0A2P1GIW2|CS_CATRO,A0A5B8X6B5.1,71.212,330,87,2,3,330,2,325,8.96e-175,494,83.94
sp|A0A2P1GIW2|CS_CATRO,6RJ8_A,71.212,330,87,2,3,330,3,326,1.23e-174,494,83.94
sp|A0A2P1GIW2|CS_CATRO,AYE56108.1,70.909,330,87,3,1,328,1,323,2.63e-174,493,83.33
sp|A0A2P1GIW2|CS_CATRO,A0A2P1GIY1.1,72.171,327,70,4,8,328,3,314,4.03e-168,477,81.65
sp|A0A2P1GIW2|CS_CATRO,WRU92894.1,70.783,332,88,3,1,330,1,325,5.48e-168,478,83.43
sp|A0A2P1GIW2|CS_CATRO,WRU92896.1,70.303,330,90,2,3,330,2,325,1.32e-167,476,82.73
sp|A0A2P1GIW2|CS_CATRO,WRU92885.1,65.758,330,104,3,3,330,2,324,1.79e-156,448,78.79
sp|A0A2P1GIW2|CS_CATRO,WRU92895.1,61.515,330,118,3,3,330,2,324,1.19e-144,418,74.85
sp|A0A2P1GIW2|CS_CATRO,WRU92897.1,61.515,330,118,3,3,330,2,324,1.84e-144,418,75.15
sp|A0A2P1GIW2|CS_CATRO,WRU92902.1,60.606,330,121,3,3,330,2,324,2.43e-143,415,75.45
sp|A0A2P1GIW2|CS_CATRO,WRU92886.1,55.183,328,131,6,8,328,2,320,4.50e-124,366,72.26
sp|A0A2P1GIW2|CS_CATRO,WRU92869.1,55.352,327,129,6,9,328,3,319,1.08e-122,362,72.17
sp|A0A2P1GIW2|CS_CATRO,WRU92892.1,54.573,328,132,6,9,328,3,321,1.77e-122,362,71.04
sp|A0A2P1GIW2|CS_CATRO,WRU92898.1,54.573,328,133,6,8,328,2,320,6.06e-122,360,71.34
sp|A0A2P1GIW2|CS_CATRO,AYE56106.1,54.573,328,133,6,8,328,48,366,2.26e-121,361,71.34
sp|A0A2P1GIW2|CS_CATRO,WRU92891.1,55.183,328,130,6,8,328,2,319,7.14e-121,358,71.04
sp|A0A2P1GIW2|CS_CATRO,WRU92903.1,53.495,329,135,7,8,328,2,320,7.08e-120,355,70.82
sp|A0A2P1GIW2|CS_CATRO,KAI5675683.1,52.744,328,139,6,8,328,3,321,8.01e-117,348,70.73
sp|A0A2P1GIW2|CS_CATRO,WRU92899.1,53.374,326,136,7,8,328,5,319,1.16e-116,347,70.55
sp|A0A2P1GIW2|CS_CATRO,WRU92908.1,52.568,331,138,6,8,328,2,323,3.10e-115,343,69.18
sp|A0A2P1GIW2|CS_CATRO,WRU92904.1,52.454,326,139,7,8,328,5,319,3.98e-115,343,71.17
sp|A0A2P1GIW2|CS_CATRO,XP_027164246.1,53.560,323,136,6,9,328,6,317,6.20e-114,340,70.28
sp|A0A2P1GIW2|CS_CATRO,XP_027116251.1,53.870,323,135,6,9,328,6,317,7.15e-114,340,69.97
sp|A0A2P1GIW2|CS_CATRO,WRU92870.1,50.920,326,141,7,8,327,4,316,1.85e-113,339,70.86
sp|A0A2P1GIW2|CS_CATRO,WRU92882.1,52.941,323,138,5,9,328,5,316,7.22e-113,337,69.35
sp|A0A2P1GIW2|CS_CATRO,XP_027121267.2,52.941,323,138,6,9,328,6,317,1.06e-111,334,69.66
sp|A0A2P1GIW2|CS_CATRO,WRU92871.1,52.778,324,135,6,8,328,4,312,3.81e-111,333,67.28
sp|A0A2P1GIW2|CS_CATRO,WRU92887.1,51.227,326,143,7,8,328,5,319,1.13e-110,332,68.71
sp|A0A2P1GIW2|CS_CATRO,WRU92888.1,51.077,325,140,7,8,329,4,312,3.19e-110,330,68.62
sp|A0A2P1GIW2|CS_CATRO,KAJ7980080.1,50.606,330,140,7,11,328,14,332,3.39e-110,331,68.18
sp|A0A2P1GIW2|CS_CATRO,CAI9098792.1,50.155,323,151,4,9,327,5,321,5.50e-110,330,69.04
sp|O04847|DV4H_CATRO,O04847.2,100.000,401,0,0,1,401,1,401,0.0,828,100.00
sp|O04847|DV4H_CATRO,AAC49826.1,100.000,386,0,0,16,401,1,386,0.0,795,100.00
sp|O04847|DV4H_CATRO,AAC49827.1,100.000,382,0,0,20,401,1,382,0.0,786,100.00
sp|O04847|DV4H_CATRO,KAI5649486.1,100.000,376,0,0,26,401,1,376,0.0,774,100.00
sp|O04847|DV4H_CATRO,KAI5649492.1,69.496,377,107,5,26,399,1,372,0.0,518,84.62
sp|O04847|DV4H_CATRO,KAI5675101.1,66.402,378,112,5,26,400,1,366,0.0,516,80.16
sp|O04847|DV4H_CATRO,ABV25958.1,66.138,378,113,5,26,400,1,366,2.74e-180,513,80.16
sp|O04847|DV4H_CATRO,KAM7462967.1,61.236,356,132,3,44,399,13,362,2.29e-162,468,79.78
sp|O04847|DV4H_CATRO,XP_059632385.1,59.299,371,145,4,32,401,10,375,7.38e-161,464,77.36
sp|O04847|DV4H_CATRO,KAA8548785.1,57.592,382,155,4,21,399,5,382,1.47e-160,464,75.65
sp|O04847|DV4H_CATRO,QFG71859.1,60.955,356,133,3,44,399,13,362,4.79e-160,462,78.65
sp|O04847|DV4H_CATRO,XP_022867532.1,61.157,363,137,3,38,400,12,370,1.53e-159,461,78.24
sp|O04847|DV4H_CATRO,QFG71860.1,60.955,356,133,3,44,399,13,362,6.75e-159,459,78.65
sp|O04847|DV4H_CATRO,KAM7462962.1,60.112,356,136,3,44,399,13,362,3.63e-158,457,77.81
sp|O04847|DV4H_CATRO,XP_058211941.1,59.229,363,144,3,38,399,17,376,8.36e-158,457,76.31
sp|O04847|DV4H_CATRO,KAM7485204.1,58.491,371,144,5,33,400,11,374,1.62e-157,456,76.28
sp|O04847|DV4H_CATRO,XP_058211933.1,58.678,363,146,3,38,399,17,376,9.55e-157,454,76.03
sp|O04847|DV4H_CATRO,KAL2530790.1,60.870,368,139,4,34,401,9,371,2.16e-156,453,77.72
sp|O04847|DV4H_CATRO,KAH7845008.1,57.983,357,145,4,44,399,70,422,3.14e-156,454,77.87
sp|O04847|DV4H_CATRO,KAH7844688.1,60.504,357,137,3,44,399,24,377,3.63e-156,452,76.75
sp|O04847|DV4H_CATRO,KAI8561018.1,57.364,387,140,4,35,399,13,396,7.94e-156,452,72.35
sp|O04847|DV4H_CATRO,XP_082731660.1,59.664,357,140,3,44,399,23,376,1.34e-155,451,75.91
sp|O04847|DV4H_CATRO,XP_058211935.1,58.743,366,147,3,35,399,14,376,1.62e-155,451,75.68
sp|O04847|DV4H_CATRO,XP_007035062.2,55.978,368,159,2,32,399,10,374,2.08e-155,451,75.82
sp|O04847|DV4H_CATRO,KAL2530328.1,60.598,368,140,4,34,401,9,371,2.58e-155,450,77.72
sp|O04847|DV4H_CATRO,KAH7844820.1,59.664,357,140,3,44,399,18,371,4.72e-155,449,76.19
sp|O04847|DV4H_CATRO,XP_002284663.1,56.250,368,157,2,32,399,10,373,2.86e-154,447,75.27
sp|O04847|DV4H_CATRO,CAI9118221.1,59.834,361,141,3,40,400,10,366,3.21e-154,447,76.18
sp|O04847|DV4H_CATRO,XP_021290150.1,55.707,368,160,2,32,399,10,374,7.02e-154,447,75.54
sp|O04847|DV4H_CATRO,KAL3507675.1,56.403,367,156,3,33,399,5,367,8.73e-154,446,77.66
sp|O04847|DV4H_CATRO,XP_052173967.1,57.143,357,149,3,45,401,21,373,1.03e-153,446,76.75
sp|O04847|DV4H_CATRO,KAL6343388.1,56.793,368,155,2,32,399,10,373,1.06e-153,446,75.00
sp|O04847|DV4H_CATRO,KAH7842218.1,61.143,350,132,3,44,392,23,369,1.28e-153,456,77.14
sp|O04847|DV4H_CATRO,KAH7842218.1,52.610,249,116,2,38,285,391,638,9.67e-87,283,73.09
sp|O04847|DV4H_CATRO,CAN66006.1,55.978,368,158,2,32,399,10,373,2.83e-153,445,75.00
sp|O04847|DV4H_CATRO,XP_059275399.1,55.923,363,157,2,37,399,15,374,3.15e-153,445,76.31
sp|O04847|DV4H_CATRO,XP_059632379.1,54.500,400,167,5,2,401,175,559,4.56e-153,451,73.00
sp|O04847|DV4H_CATRO,XP_059632379.1,47.590,166,83,3,44,207,22,185,1.00e-43,168,69.28
sp|O04847|DV4H_CATRO,KAL5542205.1,58.289,374,150,3,27,399,6,374,4.69e-153,444,73.80
sp|O04847|DV4H_CATRO,XP_034686198.1,57.584,356,147,2,44,399,22,373,6.57e-153,444,76.40
sp|O04847|DV4H_CATRO,KAG5554418.1,58.953,363,136,4,38,399,17,367,8.46e-153,444,74.38
sp|O04847|DV4H_CATRO,XP_023904767.1,59.270,356,140,2,44,399,17,367,8.71e-153,444,75.56
sp|O04847|DV4H_CATRO,EOY05988.1,55.163,368,162,2,32,399,10,374,9.97e-153,444,75.27
sp|O04847|DV4H_CATRO,CAN67227.1,56.250,368,157,2,32,399,10,373,1.04e-152,444,74.73
sp|O04847|DV4H_CATRO,XP_030974529.1,58.989,356,141,2,44,399,17,367,1.22e-152,443,75.56
sp|O04847|DV4H_CATRO,KAL6343391.1,56.793,368,155,3,32,399,10,373,1.34e-152,443,75.00
sp|O04847|DV4H_CATRO,XP_044500648.1,57.951,371,146,5,32,399,7,370,1.76e-152,443,74.66
sp|O04847|DV4H_CATRO,XP_034686200.1,55.978,368,158,2,32,399,10,373,2.09e-152,443,75.00
sp|O04847|DV4H_CATRO,KAL2530329.1,56.098,369,156,4,33,399,5,369,4.00e-152,442,76.96
sp|O04847|DV4H_CATRO,XP_059632383.1,55.500,400,172,5,1,399,4,398,5.40e-152,443,73.00
sp|O04847|DV4H_CATRO,GLU08138.1,55.795,371,156,4,31,399,9,373,6.88e-152,441,75.47
sp|O04847|DV4H_CATRO,XP_027166932.1,56.873,371,156,3,29,399,7,373,7.98e-152,441,74.39
sp|Q9ZTK5|DAT_CATRO,Q9ZTK5.1,100.000,439,0,0,1,439,1,439,0.0,909,100.00
sp|Q9ZTK5|DAT_CATRO,KAI5674952.1,99.772,439,1,0,1,439,1,439,0.0,907,99.77
sp|Q9ZTK5|DAT_CATRO,CEO43942.1,99.317,439,3,0,1,439,1,439,0.0,905,99.54
sp|Q9ZTK5|DAT_CATRO,CEO43943.1,98.405,439,7,0,1,439,1,439,0.0,892,98.63
sp|Q9ZTK5|DAT_CATRO,Q8GZU0.1,79.224,438,84,3,8,439,7,443,0.0,721,87.44
sp|Q9ZTK5|DAT_CATRO,A0A2K8FQU5.1,53.132,431,177,9,11,437,7,416,2.24e-149,439,69.61
sp|Q9ZTK5|DAT_CATRO,A0A9E7S5E3.1,54.186,430,174,11,11,438,6,414,7.96e-147,432,69.07
sp|Q9ZTK5|DAT_CATRO,KAI5669707.1,53.103,435,174,10,10,439,10,419,8.38e-140,414,66.67
sp|Q9ZTK5|DAT_CATRO,KAI5674944.1,50.000,432,185,11,8,438,4,405,5.14e-126,379,64.58
sp|Q9ZTK5|DAT_CATRO,KAI5674932.1,49.887,443,195,12,1,437,1,422,6.27e-125,376,63.66
sp|Q9ZTK5|DAT_CATRO,KAI5674947.1,47.664,428,200,7,11,438,7,410,1.61e-123,372,63.79
sp|Q9ZTK5|DAT_CATRO,KAI5674951.1,47.430,428,201,7,11,438,7,410,1.39e-122,370,63.32
sp|Q9ZTK5|DAT_CATRO,KAI5674949.1,46.963,428,203,7,11,438,7,410,9.10e-121,365,63.08
sp|Q9ZTK5|DAT_CATRO,KAI5674945.1,46.729,428,204,7,11,438,7,410,3.10e-118,359,62.85
sp|Q9ZTK5|DAT_CATRO,KAI5674955.1,47.086,429,202,8,10,438,7,410,1.61e-114,349,62.70
sp|Q9ZTK5|DAT_CATRO,KAI5674933.1,43.387,431,220,9,11,439,7,415,1.35e-105,327,62.18
sp|Q9ZTK5|DAT_CATRO,KAI5669441.1,39.819,442,231,12,5,438,17,431,6.11e-94,297,60.63
sp|Q9ZTK5|DAT_CATRO,YCO90880.1,40.136,441,228,14,11,438,15,432,5.45e-91,290,57.37
sp|Q9ZTK5|DAT_CATRO,KAL3537463.1,40.136,441,228,14,11,438,10,427,4.92e-90,287,57.14
sp|Q9ZTK5|DAT_CATRO,P0DO84.1,37.778,450,235,13,7,438,37,459,4.31e-87,281,56.89
sp|Q9ZTK5|DAT_CATRO,P0DXG0.1,38.427,445,242,12,7,438,31,456,2.10e-85,276,56.63
sp|Q9ZTK5|DAT_CATRO,KAM3362758.1,37.079,445,240,14,15,438,15,440,2.03e-83,270,58.65
sp|Q9ZTK5|DAT_CATRO,NP_001311698.1,36.771,446,242,14,14,438,14,440,4.49e-83,270,58.74
sp|Q9ZTK5|DAT_CATRO,AAV66311.1,36.547,446,243,14,14,438,14,440,2.13e-82,268,58.74
sp|Q9ZTK5|DAT_CATRO,PHT56199.1,36.854,445,241,14,15,438,15,440,2.56e-82,268,58.43
sp|Q9ZTK5|DAT_CATRO,Q58VT1.1,36.629,445,242,14,15,438,15,440,2.64e-82,268,58.65
sp|Q9ZTK5|DAT_CATRO,AAV66310.1,36.547,446,243,14,14,438,14,440,2.97e-82,268,58.52
sp|Q9ZTK5|DAT_CATRO,QCT85208.1,36.629,445,242,14,15,438,15,440,3.89e-82,267,58.65
sp|Q9ZTK5|DAT_CATRO,KAM3285523.1,36.854,445,241,14,15,438,15,440,3.93e-82,267,58.20
sp|Q9ZTK5|DAT_CATRO,AAV66309.1,36.629,445,242,14,15,438,15,440,4.62e-82,267,58.43
sp|Q9ZTK5|DAT_CATRO,KAF3637602.1,35.440,443,251,12,15,438,15,441,8.47e-82,266,57.34
sp|Q9ZTK5|DAT_CATRO,KAM3362757.1,35.360,444,251,12,15,438,15,442,1.54e-81,266,57.21
sp|Q9ZTK5|DAT_CATRO,A0A2G3D6U1.1,36.404,445,243,14,15,438,15,440,1.94e-81,265,58.43
sp|Q9ZTK5|DAT_CATRO,PHU26685.1,35.440,443,251,12,15,438,15,441,3.77e-81,265,57.11
sp|Q9ZTK5|DAT_CATRO,XP_016467639.1,37.162,444,241,14,15,439,19,443,1.11e-80,264,57.43
sp|Q9ZTK5|DAT_CATRO,XP_070025052.1,37.387,444,240,14,15,439,36,460,1.54e-80,264,57.21
sp|Q9ZTK5|DAT_CATRO,XP_070025047.1,37.162,444,241,14,15,439,36,460,1.63e-80,264,57.43
sp|Q9ZTK5|DAT_CATRO,KAF3623437.1,35.214,443,252,12,15,438,15,441,4.99e-80,262,57.11
sp|Q9ZTK5|DAT_CATRO,ATG80133.1,36.018,447,242,14,15,438,17,442,6.43e-80,261,57.05
sp|Q9ZTK5|DAT_CATRO,XP_016560262.2,35.214,443,252,12,15,438,33,459,6.86e-80,262,57.11
sp|Q9ZTK5|DAT_CATRO,XP_059314868.1,38.117,446,242,13,8,438,2,428,7.52e-80,261,54.93
sp|Q9ZTK5|DAT_CATRO,KAM3285522.1,35.281,445,251,13,15,438,15,443,8.74e-80,261,56.63
sp|Q9ZTK5|DAT_CATRO,PHT26523.1,35.135,444,252,13,15,438,15,442,1.12e-79,261,56.76
sp|Q9ZTK5|DAT_CATRO,KAK4278478.1,36.971,449,256,11,1,438,1,433,1.76e-79,260,55.01
sp|Q9ZTK5|DAT_CATRO,XP_019229743.1,35.650,446,249,12,15,439,18,446,6.39e-79,259,56.73
sp|Q9ZTK5|DAT_CATRO,XP_027101735.1,39.693,456,226,18,11,438,10,444,1.63e-78,258,55.04
sp|Q9ZTK5|DAT_CATRO,XP_049358061.1,38.063,444,239,15,15,438,17,444,2.01e-78,258,55.63
sp|Q9ZTK5|DAT_CATRO,XP_050132963.1,35.347,447,256,15,6,438,1,428,2.68e-78,257,56.82
sp|Q9ZTK5|DAT_CATRO,KAB2624869.1,35.347,447,256,15,6,438,1,428,3.35e-78,257,56.60
sp|Q9ZTK5|DAT_CATRO,XP_050132964.1,36.261,444,253,13,7,438,3,428,3.57e-78,257,56.76
sp|A0A1B1FHP3|DPAS_CATRO,A0A1B1FHP3.1,100.000,365,0,0,1,365,1,365,0.0,743,100.00
sp|A0A1B1FHP3|DPAS_CATRO,A0A5B8X8Z0.1,86.538,364,49,0,1,364,1,364,0.0,645,94.78
sp|A0A1B1FHP3|DPAS_CATRO,8B1V_A,86.813,364,48,0,1,364,1,364,0.0,639,95.05
sp|A0A1B1FHP3|DPAS_CATRO,A0A5B8XAH0.1,78.947,361,76,0,2,362,14,374,0.0,575,90.03
sp|A0A1B1FHP3|DPAS_CATRO,ANQ45232.1,75.890,365,88,0,1,365,1,365,0.0,516,87.95
sp|A0A1B1FHP3|DPAS_CATRO,KAI5667523.1,67.033,364,119,1,1,364,1,363,6.09e-169,483,79.95
sp|A0A1B1FHP3|DPAS_CATRO,WKU61918.1,68.232,362,114,1,1,362,51,411,7.36e-169,484,81.49
sp|A0A1B1FHP3|DPAS_CATRO,YFZ31637.1,61.602,362,138,1,1,362,1,361,1.93e-166,476,79.28
sp|A0A1B1FHP3|DPAS_CATRO,KAI5667519.1,66.209,364,122,1,1,364,1,363,5.67e-166,475,80.49
sp|A0A1B1FHP3|DPAS_CATRO,AYE56100.1,67.033,364,119,1,1,364,1,363,5.76e-165,473,79.67
sp|A0A1B1FHP3|DPAS_CATRO,WRI02172.1,66.851,362,119,1,1,362,1,361,1.36e-164,472,79.83
sp|A0A1B1FHP3|DPAS_CATRO,KAI5672611.1,66.209,364,122,1,1,364,1,363,4.13e-164,471,79.95
sp|A0A1B1FHP3|DPAS_CATRO,KAI5672600.1,67.313,361,117,1,1,361,1,360,4.92e-164,470,79.78
sp|A0A1B1FHP3|DPAS_CATRO,A0A0U3S9Q3.1,67.127,362,118,1,1,362,1,361,2.06e-163,469,80.39
sp|A0A1B1FHP3|DPAS_CATRO,ANQ45230.1,65.934,364,123,1,1,364,1,363,2.38e-163,469,79.95
sp|A0A1B1FHP3|DPAS_CATRO,WRI02170.1,67.127,362,118,1,1,362,1,361,3.59e-163,468,79.56
sp|A0A1B1FHP3|DPAS_CATRO,A0A0U4BHM2.1,66.575,362,120,1,1,362,1,361,9.40e-163,467,79.83
sp|A0A1B1FHP3|DPAS_CATRO,XP_059645435.1,63.333,360,131,1,1,360,1,359,3.88e-162,466,80.00
sp|A0A1B1FHP3|DPAS_CATRO,KAM7529384.1,61.560,359,137,1,3,361,5,362,7.88e-161,462,80.78
sp|A0A1B1FHP3|DPAS_CATRO,KAM7523844.1,61.560,359,137,1,3,361,5,362,9.49e-161,462,80.78
sp|A0A1B1FHP3|DPAS_CATRO,AAW45741.1,62.079,356,134,1,4,359,3,357,1.93e-157,454,79.49
sp|A0A1B1FHP3|DPAS_CATRO,XP_034932162.1,62.079,356,134,1,4,359,3,357,2.33e-157,453,79.49
sp|A0A1B1FHP3|DPAS_CATRO,XP_002322822.2,61.798,356,135,1,4,359,3,357,2.68e-157,453,79.78
sp|A0A1B1FHP3|DPAS_CATRO,1YQD_A,61.798,356,135,1,4,359,7,361,2.83e-157,453,79.21
sp|A0A1B1FHP3|DPAS_CATRO,CAK9156012.1,62.810,363,133,2,1,362,1,362,3.81e-157,453,78.79
sp|A0A1B1FHP3|DPAS_CATRO,KAJ6864807.1,61.798,356,135,1,4,359,3,357,6.50e-157,452,79.49
sp|A0A1B1FHP3|DPAS_CATRO,KAL9336543.1,61.517,356,136,1,4,359,3,357,7.17e-157,452,79.78
sp|A0A1B1FHP3|DPAS_CATRO,KAL7254901.1,61.838,359,136,1,1,359,1,358,8.16e-157,452,81.34
sp|A0A1B1FHP3|DPAS_CATRO,AAK58693.1,61.517,356,136,1,4,359,3,357,1.06e-156,452,79.21
sp|A0A1B1FHP3|DPAS_CATRO,XP_059645436.1,62.222,360,135,1,1,360,1,359,1.10e-156,452,79.44
sp|A0A1B1FHP3|DPAS_CATRO,XP_061955310.1,61.798,356,135,1,4,359,3,357,1.37e-156,451,79.49
sp|A0A1B1FHP3|DPAS_CATRO,KAM7523848.1,62.360,356,133,1,4,359,3,357,1.50e-156,451,78.37
sp|A0A1B1FHP3|DPAS_CATRO,KAM7523845.1,57.474,388,136,3,2,361,4,390,1.98e-156,452,75.77
sp|A0A1B1FHP3|DPAS_CATRO,KAN4993919.1,62.360,356,133,1,4,359,3,357,2.93e-156,451,79.49
sp|A0A1B1FHP3|DPAS_CATRO,XP_002276703.1,61.127,355,137,1,5,359,18,371,3.00e-156,451,80.56
sp|A0A1B1FHP3|DPAS_CATRO,KAH8485330.1,61.517,356,136,1,4,359,3,357,3.58e-156,451,79.49
sp|A0A1B1FHP3|DPAS_CATRO,KAN5098943.1,62.360,356,133,1,4,359,3,357,3.60e-156,450,78.93
sp|A0A1B1FHP3|DPAS_CATRO,KAM7519792.1,62.921,356,131,1,4,359,3,357,3.76e-156,450,78.37
sp|A0A1B1FHP3|DPAS_CATRO,XP_003635435.1,61.798,356,135,1,4,359,3,357,4.02e-156,450,79.49
sp|A0A1B1FHP3|DPAS_CATRO,KAL7230556.1,61.560,359,137,1,1,359,1,358,5.23e-156,450,81.06
sp|A0A1B1FHP3|DPAS_CATRO,KAF8406120.1,62.465,357,133,1,4,360,3,358,6.22e-156,450,78.71
sp|A0A1B1FHP3|DPAS_CATRO,KAK2996019.1,62.222,360,135,1,1,360,1,359,8.04e-156,449,79.44
sp|A0A1B1FHP3|DPAS_CATRO,KAJ9670298.1,61.798,356,135,1,4,359,3,357,1.06e-155,449,78.93
sp|A0A1B1FHP3|DPAS_CATRO,MHY6193471.1,62.079,356,134,1,4,359,150,504,2.12e-155,454,79.78
sp|A0A1B1FHP3|DPAS_CATRO,CBI33198.3,61.236,356,137,1,4,359,3,357,4.26e-155,447,79.21
sp|A0A1B1FHP3|DPAS_CATRO,KAL9373993.1,61.517,356,136,1,4,359,3,357,5.94e-155,447,79.21
sp|A0A1B1FHP3|DPAS_CATRO,KAN4993913.1,61.517,356,136,1,4,359,3,357,6.67e-155,447,79.21
sp|A0A1B1FHP3|DPAS_CATRO,XP_034690891.1,61.236,356,137,1,4,359,3,357,7.04e-155,447,79.21
sp|A0A1B1FHP3|DPAS_CATRO,KAK2996021.1,61.944,360,136,1,1,360,1,359,7.96e-155,447,79.17
sp|A0A1B1FHP3|DPAS_CATRO,XP_011004094.1,61.517,356,136,1,4,359,3,357,8.07e-155,447,78.93
sp|Q8VWZ7|C76B6_CATRO,Q8VWZ7.1,100.000,493,0,0,1,493,1,493,0.0,1013,100.00
sp|Q8VWZ7|C76B6_CATRO,AGX93053.1,89.388,490,52,0,1,490,1,490,0.0,922,95.31
sp|Q8VWZ7|C76B6_CATRO,XHC56413.1,87.627,493,61,0,1,493,17,509,0.0,912,94.73
sp|Q8VWZ7|C76B6_CATRO,AGX93054.1,87.424,493,62,0,1,493,1,493,0.0,911,94.52
sp|Q8VWZ7|C76B6_CATRO,AGX93052.1,86.613,493,66,0,1,493,1,493,0.0,909,95.33
sp|Q8VWZ7|C76B6_CATRO,AGX93051.1,83.976,493,79,0,1,493,1,493,0.0,885,94.73
sp|Q8VWZ7|C76B6_CATRO,KAL3526733.1,83.773,493,80,0,1,493,1,493,0.0,884,94.52
sp|Q8VWZ7|C76B6_CATRO,ANW12210.1,82.150,493,88,0,1,493,23,515,0.0,877,92.49
sp|Q8VWZ7|C76B6_CATRO,AIA22171.1,82.150,493,88,0,1,493,23,515,0.0,877,92.29
sp|Q8VWZ7|C76B6_CATRO,ANW12211.1,82.150,493,88,0,1,493,23,515,0.0,876,92.49
sp|Q8VWZ7|C76B6_CATRO,BAP90522.1,82.961,493,84,0,1,493,20,512,0.0,876,93.51
sp|Q8VWZ7|C76B6_CATRO,ANW12209.1,81.947,493,89,0,1,493,23,515,0.0,872,92.29
sp|Q8VWZ7|C76B6_CATRO,XP_027154553.1,82.353,493,87,0,1,493,1,493,0.0,871,93.31
sp|Q8VWZ7|C76B6_CATRO,AGX93055.1,86.207,493,68,0,1,493,1,493,0.0,870,94.12
sp|Q8VWZ7|C76B6_CATRO,XP_027078185.2,81.947,493,89,0,1,493,1,493,0.0,867,93.10
sp|Q8VWZ7|C76B6_CATRO,XYA23378.1,80.408,490,96,0,1,490,1,490,0.0,853,93.47
sp|Q8VWZ7|C76B6_CATRO,KAL2552084.1,81.174,494,92,1,1,493,1,494,0.0,850,92.11
sp|Q8VWZ7|C76B6_CATRO,WIE96227.1,81.744,493,90,0,1,493,1,493,0.0,850,93.71
sp|Q8VWZ7|C76B6_CATRO,KAL2552131.1,80.972,494,93,1,1,493,1,494,0.0,847,91.70
sp|Q8VWZ7|C76B6_CATRO,CAA3016391.1,80.567,494,95,1,1,493,1,494,0.0,847,91.30
sp|Q8VWZ7|C76B6_CATRO,XP_022858342.1,80.364,494,96,1,1,493,1,494,0.0,844,91.09
sp|Q8VWZ7|C76B6_CATRO,D1MI46.1,80.527,493,96,0,1,493,3,495,0.0,842,92.90
sp|Q8VWZ7|C76B6_CATRO,CAA2993979.1,79.757,494,99,1,1,493,1,494,0.0,839,91.70
sp|Q8VWZ7|C76B6_CATRO,KAL2531890.1,79.960,494,98,1,1,493,1,494,0.0,838,90.69
sp|Q8VWZ7|C76B6_CATRO,KAK2996568.1,77.935,494,105,2,1,490,1,494,0.0,818,90.69
sp|Q8VWZ7|C76B6_CATRO,ALJ75585.1,78.208,491,107,0,3,493,5,495,0.0,818,91.24
sp|Q8VWZ7|C76B6_CATRO,KAK2975527.1,78.138,494,104,2,1,490,1,494,0.0,816,90.49
sp|Q8VWZ7|C76B6_CATRO,KAK2988315.1,78.138,494,104,2,1,490,1,494,0.0,815,90.28
sp|Q8VWZ7|C76B6_CATRO,KAM7516576.1,77.465,497,108,2,1,493,1,497,0.0,815,89.34
sp|Q8VWZ7|C76B6_CATRO,MIH5275427.1,76.721,494,114,1,1,493,1,494,0.0,813,90.08
sp|Q8VWZ7|C76B6_CATRO,AGX93050.1,77.465,497,108,2,1,493,1,497,0.0,811,89.13
sp|Q8VWZ7|C76B6_CATRO,KAI3452069.1,79.837,491,98,1,1,490,1,491,0.0,805,90.22
sp|Q8VWZ7|C76B6_CATRO,AQW38831.1,77.108,498,109,3,1,493,1,498,0.0,802,88.35
sp|Q8VWZ7|C76B6_CATRO,BCK60971.1,75.101,494,122,1,1,493,1,494,0.0,801,89.07
sp|Q8VWZ7|C76B6_CATRO,KAK4393342.1,78.819,491,103,1,1,490,1,491,0.0,801,90.22
sp|Q8VWZ7|C76B6_CATRO,CAN8810798.1,77.328,494,111,1,1,493,1,494,0.0,800,90.89
sp|Q8VWZ7|C76B6_CATRO,CAN8824567.1,77.597,491,106,2,1,490,1,488,0.0,798,91.65
sp|Q8VWZ7|C76B6_CATRO,PIN03107.1,78.340,494,106,1,1,493,1,494,0.0,798,89.88
sp|Q8VWZ7|C76B6_CATRO,XP_011099226.1,78.615,491,104,1,1,490,1,491,0.0,798,89.61
sp|Q8VWZ7|C76B6_CATRO,KAL3525730.1,76.327,490,116,0,1,490,1,490,0.0,798,87.96
sp|Q8VWZ7|C76B6_CATRO,KAK6128915.1,79.716,493,98,1,1,493,1,491,0.0,793,90.26
sp|Q8VWZ7|C76B6_CATRO,CAN8810807.1,75.967,491,117,1,1,490,1,491,0.0,791,90.43
sp|Q8VWZ7|C76B6_CATRO,KAL2531889.1,79.570,465,94,1,30,493,1,465,0.0,790,91.40
sp|Q8VWZ7|C76B6_CATRO,MIM5526562.1,77.959,490,107,1,1,490,1,489,0.0,789,88.98
sp|Q8VWZ7|C76B6_CATRO,KAN3215018.1,74.899,494,123,1,1,493,1,494,0.0,788,87.04
sp|Q8VWZ7|C76B6_CATRO,KAN3226489.1,74.899,494,123,1,1,493,1,494,0.0,788,86.84
sp|Q8VWZ7|C76B6_CATRO,CAN8816309.1,75.764,491,118,1,1,490,1,491,0.0,787,90.22
sp|Q8VWZ7|C76B6_CATRO,QOL71525.1,74.447,497,123,2,1,493,1,497,0.0,786,87.32
sp|Q8VWZ7|C76B6_CATRO,XP_073057880.1,75.101,494,122,1,1,493,1,494,0.0,786,87.45
sp|Q8VWZ7|C76B6_CATRO,XP_027153936.1,75.306,490,121,0,1,490,1,490,0.0,786,87.14
AFD64744.1,AFD64744.1,100.000,589,0,0,1,589,1,589,0.0,1213,100.00
AFD64744.1,A0A7G5KLV3.1,78.965,599,99,7,1,587,1,584,0.0,930,86.14
AFD64744.1,KAL3509620.1,76.650,591,123,6,3,587,2,583,0.0,930,87.48
AFD64744.1,XYA23377.1,74.037,597,137,6,3,587,2,592,0.0,917,86.26
AFD64744.1,XDF18249.1,75.904,581,126,5,9,587,16,584,0.0,898,87.44
AFD64744.1,WRW51042.1,73.986,592,138,5,3,587,2,584,0.0,895,85.47
AFD64744.1,XP_071904867.1,73.986,592,135,7,3,587,2,581,0.0,892,86.32
AFD64744.1,CDP20227.1,73.818,592,136,7,3,587,2,581,0.0,889,85.98
AFD64744.1,NP_001413592.1,73.986,592,135,7,3,587,2,581,0.0,888,85.81
AFD64744.1,XP_027169969.1,74.155,592,132,8,3,587,2,579,0.0,886,85.64
AFD64744.1,QCT83300.1,74.155,592,134,6,3,587,2,581,0.0,885,85.30
AFD64744.1,XP_027169926.1,74.155,592,132,8,3,587,2,579,0.0,884,85.64
AFD64744.1,XP_027063694.1,73.480,592,138,7,3,587,2,581,0.0,884,85.30
AFD64744.1,CCM43930.1,73.818,592,132,8,3,587,2,577,0.0,881,85.47
AFD64744.1,CAN8776270.1,77.049,549,114,4,39,587,1,537,0.0,880,86.89
AFD64744.1,CAI9090338.1,77.698,556,115,5,36,587,62,612,0.0,878,87.95
AFD64744.1,CAN8799246.1,76.867,549,115,4,39,587,1,537,0.0,878,86.89
AFD64744.1,R4YVJ8.2,73.480,592,134,8,3,587,2,577,0.0,876,85.14
AFD64744.1,CAN8793677.1,76.503,549,117,4,39,587,1,537,0.0,874,86.52
AFD64744.1,AJT35508.1,75.090,558,129,5,32,587,37,586,0.0,873,87.28
AFD64744.1,QKS73430.1,74.955,555,132,4,34,587,36,584,0.0,872,87.75
AFD64744.1,CAN8782789.1,71.692,597,147,6,1,587,1,585,0.0,868,82.24
AFD64744.1,WIE96226.1,80.469,512,98,2,76,587,1,510,0.0,861,90.62
AFD64744.1,CAK9158995.1,68.158,581,176,5,9,587,14,587,0.0,831,83.48
AFD64744.1,KAG8388794.1,70.702,570,150,5,20,587,25,579,0.0,831,82.81
AFD64744.1,KAM7498239.1,68.971,593,165,7,4,587,6,588,0.0,830,81.62
AFD64744.1,CAI9090340.1,79.125,503,99,3,88,587,2,501,0.0,829,88.87
AFD64744.1,KAI3450216.1,74.669,529,131,3,61,587,55,582,0.0,823,85.82
AFD64744.1,KAM7495175.1,70.916,557,157,3,33,587,38,591,0.0,817,83.66
AFD64744.1,KAL3829007.1,68.614,599,160,8,1,587,1,583,0.0,816,80.30
AFD64744.1,KAK2987973.1,66.379,580,185,5,9,587,15,585,0.0,813,83.28
AFD64744.1,KAK4483045.1,68.159,603,160,9,1,587,1,587,0.0,812,79.60
AFD64744.1,KAK4407628.1,72.932,532,140,4,58,587,58,587,0.0,810,85.34
AFD64744.1,KAM7492313.1,68.990,574,156,4,33,587,38,608,0.0,810,81.53
AFD64744.1,KAK6141808.1,72.968,529,139,3,61,587,11,537,0.0,810,85.63
AFD64744.1,QJD13722.1,72.968,529,139,3,61,587,54,580,0.0,808,85.63
AFD64744.1,XP_011080637.1,72.150,535,145,4,55,587,55,587,0.0,806,85.05
AFD64744.1,KAK6163875.1,72.779,529,140,3,61,587,54,580,0.0,804,85.44
AFD64744.1,KAK3010328.1,64.657,597,181,6,3,587,18,596,0.0,802,80.74
AFD64744.1,MIH5295501.1,66.498,594,184,8,1,587,1,586,0.0,798,79.80
AFD64744.1,KAL2493940.1,66.330,594,180,7,1,587,1,581,0.0,798,80.30
AFD64744.1,CDP20228.1,79.079,478,99,1,110,587,1,477,0.0,795,89.96
AFD64744.1,XP_022870562.1,65.657,594,184,7,1,587,1,581,0.0,793,79.29
AFD64744.1,CAA3023166.1,65.993,594,181,8,1,587,1,580,0.0,793,79.29
AFD64744.1,KAK2965668.1,66.727,550,175,3,38,587,43,584,0.0,791,84.18
AFD64744.1,KAL3829006.1,65.947,602,175,7,1,587,1,587,0.0,788,78.90
AFD64744.1,KAK2987975.1,66.667,546,174,3,42,587,47,584,0.0,785,84.25
AFD64744.1,AFI47926.1,65.152,594,187,7,1,587,1,581,0.0,785,78.96
AFD64744.1,CAN6010411.1,63.652,597,198,6,1,587,1,588,0.0,784,78.56
AFD64744.1,AGB05612.1,66.667,558,178,4,33,588,39,590,0.0,783,81.90
sp|I1TEM0|GO_CATRO,I1TEM0.1,100.000,501,0,0,1,501,1,501,0.0,1038,100.00
sp|I1TEM0|GO_CATRO,XLS40686.1,92.016,501,40,0,1,501,1,501,0.0,976,97.21
sp|I1TEM0|GO_CATRO,XLS40693.1,91.417,501,43,0,1,501,1,501,0.0,973,97.21
sp|I1TEM0|GO_CATRO,YBV67929.1,91.617,501,42,0,1,501,1,501,0.0,970,96.81
sp|I1TEM0|GO_CATRO,AIR93639.1,90.818,501,46,0,1,501,1,501,0.0,958,95.81
sp|I1TEM0|GO_CATRO,XLS40690.1,90.180,499,49,0,1,499,1,499,0.0,947,94.59
sp|I1TEM0|GO_CATRO,AIR93638.1,89.780,499,51,0,1,499,1,499,0.0,945,95.79
sp|I1TEM0|GO_CATRO,AIR93636.1,91.816,501,41,0,1,501,1,501,0.0,940,97.01
sp|I1TEM0|GO_CATRO,AIR93637.1,88.423,501,58,0,1,501,1,501,0.0,940,95.61
sp|I1TEM0|GO_CATRO,XLS40679.1,90.020,501,50,0,1,501,1,501,0.0,936,96.61
sp|I1TEM0|GO_CATRO,A0A9E7S4M4.1,90.220,501,49,0,1,501,1,501,0.0,934,95.41
sp|I1TEM0|GO_CATRO,XLS40684.1,86.627,501,67,0,1,501,1,501,0.0,922,93.01
sp|I1TEM0|GO_CATRO,XLS40687.1,83.832,501,81,0,1,501,1,501,0.0,895,91.82
sp|I1TEM0|GO_CATRO,XUJ55400.1,62.675,501,183,1,1,501,2,498,0.0,688,81.44
sp|I1TEM0|GO_CATRO,WRI02174.1,62.325,499,183,2,1,498,1,495,0.0,671,81.56
sp|I1TEM0|GO_CATRO,A0A9E7S4M3.1,61.952,502,186,2,1,501,4,501,0.0,654,80.68
sp|I1TEM0|GO_CATRO,XLS40677.1,58.882,501,201,2,2,501,5,501,0.0,636,77.25
sp|I1TEM0|GO_CATRO,XLS40673.1,59.481,501,195,3,5,501,7,503,0.0,632,77.84
sp|I1TEM0|GO_CATRO,XUJ55399.1,59.281,501,196,3,5,501,7,503,0.0,630,78.04
sp|I1TEM0|GO_CATRO,KAI5673144.1,58.812,505,195,5,3,501,7,504,0.0,625,77.03
sp|I1TEM0|GO_CATRO,XLS40678.1,58.483,501,203,2,2,501,5,501,0.0,622,77.25
sp|I1TEM0|GO_CATRO,XLS40688.1,56.972,502,210,3,1,497,21,521,0.0,579,73.11
sp|I1TEM0|GO_CATRO,XLS40695.1,56.773,502,211,3,1,497,4,504,0.0,577,72.71
sp|I1TEM0|GO_CATRO,XLS40696.1,56.175,502,214,3,1,497,4,504,0.0,573,72.71
sp|I1TEM0|GO_CATRO,YBV67933.1,55.050,505,221,3,1,500,4,507,0.0,572,72.67
sp|I1TEM0|GO_CATRO,XLS40697.1,55.268,503,219,3,1,498,4,505,0.0,563,72.37
sp|I1TEM0|GO_CATRO,P0DXJ2.1,53.968,504,225,3,1,498,4,506,0.0,563,72.02
sp|I1TEM0|GO_CATRO,KAI5675102.1,53.663,505,226,3,1,498,5,508,0.0,562,71.49
sp|I1TEM0|GO_CATRO,XLS40675.1,54.800,500,223,2,1,498,4,502,0.0,561,72.00
sp|I1TEM0|GO_CATRO,XLS40681.1,56.170,470,203,2,31,498,35,503,0.0,553,73.19
sp|I1TEM0|GO_CATRO,XLS40680.1,54.274,503,224,4,1,498,1,502,0.0,551,71.37
sp|I1TEM0|GO_CATRO,P0DO13.1,53.704,486,221,3,16,498,14,498,0.0,540,71.81
sp|I1TEM0|GO_CATRO,W8JDE2.1,52.268,507,231,5,1,498,5,509,0.0,535,70.02
sp|I1TEM0|GO_CATRO,CAC27827.1,53.975,478,213,4,26,498,32,507,0.0,534,71.76
sp|I1TEM0|GO_CATRO,KAI5673596.1,53.846,468,214,2,31,498,39,504,0.0,533,72.01
sp|I1TEM0|GO_CATRO,P0DO14.1,51.600,500,234,5,1,499,4,496,3.77e-176,512,70.20
sp|I1TEM0|GO_CATRO,A0A9E7LUJ4.1,50.104,483,233,3,21,498,27,506,6.87e-171,499,68.74
sp|I1TEM0|GO_CATRO,XLS40698.1,48.611,504,248,4,2,497,5,505,2.33e-170,498,67.66
sp|I1TEM0|GO_CATRO,XLS40683.1,48.400,500,252,3,2,498,5,501,1.03e-169,496,67.60
sp|I1TEM0|GO_CATRO,XLS40676.1,50.622,482,230,4,22,498,19,497,1.34e-169,496,69.50
sp|I1TEM0|GO_CATRO,XLS40689.1,50.422,474,229,3,28,498,34,504,2.51e-164,483,68.78
sp|I1TEM0|GO_CATRO,XLS40692.1,48.413,504,250,4,2,498,5,505,1.89e-161,475,67.26
sp|I1TEM0|GO_CATRO,WRI02175.1,48.907,503,248,4,2,498,5,504,4.02e-161,474,68.79
sp|I1TEM0|GO_CATRO,P0DO79.1,47.295,499,260,3,1,499,5,500,4.15e-157,464,67.33
sp|I1TEM0|GO_CATRO,P0DO88.1,48.225,479,245,3,21,499,23,498,7.51e-155,458,67.64
sp|I1TEM0|GO_CATRO,XLS40682.1,45.378,476,253,4,27,498,33,505,4.04e-153,454,66.60
sp|I1TEM0|GO_CATRO,CAI9094694.1,46.895,467,241,3,28,494,28,487,3.13e-151,448,65.31
sp|I1TEM0|GO_CATRO,XLS40691.1,47.257,474,244,3,28,498,34,504,1.30e-150,447,67.30
sp|I1TEM0|GO_CATRO,QXN66187.1,46.541,477,246,4,28,498,29,502,1.58e-150,447,67.30
sp|I1TEM0|GO_CATRO,KAI5665036.1,46.541,477,246,4,28,498,29,502,1.58e-150,447,67.30
sp|W8JWW7|GS_CATRO,W8JWW7.1,100.000,364,0,0,1,364,1,364,0.0,747,100.00
sp|W8JWW7|GS_CATRO,8A3N_A,100.000,363,0,0,2,364,3,365,0.0,744,100.00
sp|W8JWW7|GS_CATRO,A0A9E7LUR3.1,91.484,364,31,0,1,364,1,364,0.0,702,97.53
sp|W8JWW7|GS_CATRO,WPM01483.1,91.233,365,31,1,1,364,1,365,0.0,697,97.26
sp|W8JWW7|GS_CATRO,KAI5648032.1,91.758,364,28,1,1,364,1,362,0.0,691,96.15
sp|W8JWW7|GS_CATRO,W8JCF0.1,91.758,364,28,1,1,364,1,362,0.0,691,95.88
sp|W8JWW7|GS_CATRO,YBV67928.1,86.813,364,48,0,1,364,1,364,0.0,675,94.78
sp|W8JWW7|GS_CATRO,P0DXJ1.1,90.411,365,34,1,1,364,1,365,0.0,671,96.44
sp|W8JWW7|GS_CATRO,YFZ31641.1,71.074,363,105,0,1,363,1,363,0.0,547,83.75
sp|W8JWW7|GS_CATRO,YFZ31640.1,71.745,361,101,1,1,361,1,360,0.0,526,84.76
sp|W8JWW7|GS_CATRO,WJM00679.1,55.556,360,159,1,1,360,1,359,4.43e-149,432,74.44
sp|W8JWW7|GS_CATRO,KAI3462151.1,61.080,352,135,2,12,363,11,360,6.29e-145,422,74.43
sp|W8JWW7|GS_CATRO,XP_059624102.1,59.429,350,140,2,12,361,11,358,1.71e-142,416,75.43
sp|W8JWW7|GS_CATRO,XP_059624099.1,60.000,350,138,2,12,361,11,358,1.89e-142,416,75.43
sp|W8JWW7|GS_CATRO,CAI9758177.1,59.943,352,139,2,12,363,11,360,3.04e-142,415,74.15
sp|W8JWW7|GS_CATRO,KAG8383641.1,59.714,350,139,2,12,361,11,358,4.75e-142,414,74.00
sp|W8JWW7|GS_CATRO,XP_059624104.1,58.807,352,143,2,10,361,5,354,7.19e-142,414,75.28
sp|W8JWW7|GS_CATRO,MIH5288923.1,59.659,352,140,2,12,363,11,360,1.79e-141,413,74.43
sp|W8JWW7|GS_CATRO,KAI3464775.1,57.790,353,147,2,11,363,4,354,1.80e-141,413,73.65
sp|W8JWW7|GS_CATRO,CAA2997492.1,59.659,352,140,2,12,363,11,360,3.36e-141,412,73.30
sp|W8JWW7|GS_CATRO,VFQ99669.1,56.787,361,150,3,1,361,1,355,5.84e-141,412,72.02
sp|W8JWW7|GS_CATRO,XP_059624110.1,58.571,350,143,2,12,361,11,358,6.16e-141,412,75.71
sp|W8JWW7|GS_CATRO,VFQ88114.1,57.064,361,149,3,1,361,1,355,9.04e-141,411,72.85
sp|W8JWW7|GS_CATRO,CAA2972799.1,59.943,352,139,2,12,363,11,360,9.81e-141,411,74.15
sp|W8JWW7|GS_CATRO,CAA2997493.1,59.375,352,141,2,12,363,11,360,1.04e-140,411,73.30
sp|W8JWW7|GS_CATRO,CAN8757688.1,58.286,350,145,1,12,361,7,355,2.12e-140,410,72.00
sp|W8JWW7|GS_CATRO,AHK06497.1,59.943,352,139,2,12,363,11,360,2.30e-140,410,73.01
sp|W8JWW7|GS_CATRO,XP_022851765.1,59.375,352,141,2,12,363,11,360,2.46e-140,410,73.01
sp|W8JWW7|GS_CATRO,XP_034690888.1,58.166,349,144,2,13,361,12,358,2.54e-140,410,74.79
sp|W8JWW7|GS_CATRO,CAA2972800.1,59.659,352,140,2,12,363,11,360,3.41e-140,410,74.15
sp|W8JWW7|GS_CATRO,WPM01484.1,57.382,359,151,2,3,361,2,358,3.52e-140,410,73.54
sp|W8JWW7|GS_CATRO,CAA2972803.1,59.091,352,142,2,12,363,11,360,5.22e-140,409,73.01
sp|W8JWW7|GS_CATRO,KAM7523848.1,59.429,350,140,2,12,361,11,358,5.57e-140,409,73.43
sp|W8JWW7|GS_CATRO,KAI3451270.1,59.003,361,146,2,3,363,2,360,6.18e-140,410,73.13
sp|W8JWW7|GS_CATRO,KAN3213867.1,59.659,352,139,3,12,363,8,356,6.88e-140,409,73.58
sp|W8JWW7|GS_CATRO,CAA2935068.1,59.375,352,141,2,12,363,11,360,6.93e-140,409,72.73
sp|W8JWW7|GS_CATRO,XP_059594570.1,58.739,349,142,2,13,361,12,358,8.72e-140,409,73.64
sp|W8JWW7|GS_CATRO,WKU61909.1,56.198,363,145,3,1,361,1,351,1.05e-139,408,74.93
sp|W8JWW7|GS_CATRO,XP_003635435.1,57.880,349,145,2,13,361,12,358,1.10e-139,409,74.50
sp|W8JWW7|GS_CATRO,WNF20696.1,58.172,361,141,2,1,361,1,351,1.73e-139,408,72.30
sp|W8JWW7|GS_CATRO,KAA8531460.1,58.857,350,142,2,12,361,11,358,1.77e-139,408,74.00
sp|W8JWW7|GS_CATRO,CAN8748557.1,58.286,350,145,1,12,361,7,355,1.92e-139,408,71.71
sp|W8JWW7|GS_CATRO,CAA2972805.1,58.807,352,143,2,12,363,11,360,2.09e-139,408,73.01
sp|W8JWW7|GS_CATRO,A0A0U4AHM6.1,57.939,359,149,2,3,361,2,358,4.11e-139,407,73.54
sp|W8JWW7|GS_CATRO,KAL2521717.1,58.239,352,145,2,12,363,11,360,4.11e-139,407,74.15
sp|W8JWW7|GS_CATRO,KAL3527468.1,59.429,350,140,2,12,361,11,358,6.57e-139,407,73.71
sp|W8JWW7|GS_CATRO,XP_011097456.1,59.943,352,139,2,12,363,11,360,7.66e-139,406,73.30
sp|W8JWW7|GS_CATRO,KAL3527267.1,57.895,361,150,2,1,361,1,359,1.68e-138,405,72.30
sp|W8JWW7|GS_CATRO,KAA8546675.1,59.143,350,141,2,12,361,11,358,2.26e-138,405,74.00
sp|W8JWW7|GS_CATRO,AAQ20892.1,58.286,350,144,2,12,361,11,358,4.25e-138,404,74.57
sp|W8JIS5|IO_CATRO,W8JIS5.1,100.000,515,0,0,1,515,1,515,0.0,1063,100.00
sp|W8JIS5|IO_CATRO,AHX24370.1,99.806,515,1,0,1,515,1,515,0.0,1062,100.00
sp|W8JIS5|IO_CATRO,AHX24367.1,94.912,511,26,0,5,515,4,514,0.0,1016,98.04
sp|W8JIS5|IO_CATRO,XHC56417.1,93.738,511,32,0,5,515,4,514,0.0,989,98.04
sp|W8JIS5|IO_CATRO,AHX24366.1,93.933,511,31,0,5,515,4,514,0.0,986,97.85
sp|W8JIS5|IO_CATRO,AHX24369.1,92.773,512,37,0,4,515,3,514,0.0,975,97.27
sp|W8JIS5|IO_CATRO,AHX24368.1,94.716,511,27,0,5,515,4,514,0.0,969,99.02
sp|W8JIS5|IO_CATRO,AHX24365.1,87.524,513,62,2,5,515,4,516,0.0,924,95.52
sp|W8JIS5|IO_CATRO,CAI9097843.1,88.780,508,57,0,8,515,8,515,0.0,907,94.69
sp|W8JIS5|IO_CATRO,WIE96230.1,88.845,511,57,0,5,515,6,516,0.0,892,95.69
sp|W8JIS5|IO_CATRO,UQH56964.1,88.845,511,57,0,5,515,6,516,0.0,890,95.11
sp|W8JIS5|IO_CATRO,CAN8752212.1,86.837,509,66,1,8,515,8,516,0.0,885,94.11
sp|W8JIS5|IO_CATRO,AKI87772.1,87.771,507,61,1,10,515,12,518,0.0,878,95.27
sp|W8JIS5|IO_CATRO,AKJ26120.1,87.771,507,61,1,10,515,12,518,0.0,876,95.07
sp|W8JIS5|IO_CATRO,XP_071908387.1,79.463,521,101,3,1,515,1,521,0.0,855,90.98
sp|W8JIS5|IO_CATRO,XP_022866331.1,81.213,511,94,1,5,515,4,512,0.0,850,90.22
sp|W8JIS5|IO_CATRO,CAA2996947.1,81.018,511,95,1,5,515,4,512,0.0,850,90.02
sp|W8JIS5|IO_CATRO,KAL2554414.1,80.431,511,98,1,5,515,4,512,0.0,844,89.82
sp|W8JIS5|IO_CATRO,KAL2554303.1,80.039,511,100,1,5,515,4,512,0.0,840,89.63
sp|W8JIS5|IO_CATRO,ASY08116.1,81.409,511,95,0,5,515,4,514,0.0,839,91.39
sp|W8JIS5|IO_CATRO,KAK3008065.1,78.320,512,110,1,4,515,13,523,0.0,837,90.23
sp|W8JIS5|IO_CATRO,KAK2997858.1,78.516,512,109,1,4,515,3,513,0.0,834,90.04
sp|W8JIS5|IO_CATRO,KAK2987907.1,78.320,512,110,1,4,515,3,513,0.0,833,90.23
sp|W8JIS5|IO_CATRO,KAK2996243.1,78.320,512,110,1,4,515,3,513,0.0,832,89.84
sp|W8JIS5|IO_CATRO,KAL2533581.1,79.061,511,105,1,5,515,4,512,0.0,832,89.43
sp|W8JIS5|IO_CATRO,XP_027175083.1,79.655,521,100,3,1,515,1,521,0.0,829,90.98
sp|W8JIS5|IO_CATRO,KAL2533597.1,78.474,511,108,1,5,515,4,512,0.0,828,89.04
sp|W8JIS5|IO_CATRO,XP_027069257.2,79.655,521,100,3,1,515,1,521,0.0,827,90.98
sp|W8JIS5|IO_CATRO,CAA2959810.1,80.039,511,100,1,5,515,4,512,0.0,817,89.63
sp|W8JIS5|IO_CATRO,CAA3007723.1,79.648,511,102,1,5,515,4,512,0.0,814,89.43
sp|W8JIS5|IO_CATRO,XP_022899380.1,79.648,511,102,1,5,515,4,512,0.0,813,89.43
sp|W8JIS5|IO_CATRO,KAK4396455.1,76.772,508,115,1,8,515,7,511,0.0,807,89.57
sp|W8JIS5|IO_CATRO,KAG8376656.1,77.756,508,111,2,8,515,319,824,0.0,804,88.58
sp|W8JIS5|IO_CATRO,KAG8376656.1,40.690,290,163,3,23,311,17,298,4.74e-70,247,63.45
sp|W8JIS5|IO_CATRO,KAA8516657.1,80.041,486,97,0,27,512,28,513,0.0,802,90.12
sp|W8JIS5|IO_CATRO,KAM7464286.1,76.070,514,121,2,4,515,3,516,0.0,800,90.08
sp|W8JIS5|IO_CATRO,XP_011094434.1,76.772,508,115,1,8,515,7,511,0.0,799,89.57
sp|W8JIS5|IO_CATRO,XP_058204108.1,72.835,508,137,1,7,513,2,509,0.0,798,86.42
sp|W8JIS5|IO_CATRO,KAG5556690.1,73.092,498,132,1,18,513,13,510,0.0,795,87.75
sp|W8JIS5|IO_CATRO,KAI3473941.1,75.930,511,120,1,5,515,4,511,0.0,793,88.45
sp|W8JIS5|IO_CATRO,XP_059669433.1,78.629,496,106,0,18,513,13,508,0.0,789,89.92
sp|W8JIS5|IO_CATRO,KAM7531646.1,76.562,512,115,1,4,515,3,509,0.0,789,88.48
sp|W8JIS5|IO_CATRO,KAM7468304.1,73.084,535,120,3,4,515,3,536,0.0,788,86.36
sp|W8JIS5|IO_CATRO,XP_058204109.1,74.016,508,131,1,7,513,2,509,0.0,786,87.99
sp|W8JIS5|IO_CATRO,KAK6147119.1,75.538,511,122,1,5,515,4,511,0.0,784,87.67
sp|W8JIS5|IO_CATRO,ALV83446.1,84.141,454,72,0,62,515,1,454,0.0,782,91.85
sp|W8JIS5|IO_CATRO,KAK4481147.1,74.951,511,125,1,5,515,4,511,0.0,781,88.26
sp|W8JIS5|IO_CATRO,KAM7526118.1,78.395,486,100,1,30,515,29,509,0.0,780,89.09
sp|W8JIS5|IO_CATRO,AHX24364.1,78.029,487,102,1,29,515,28,509,0.0,780,89.32
sp|W8JIS5|IO_CATRO,CAN4758394.1,73.386,511,135,1,5,515,4,513,0.0,779,86.11
sp|W8JIS5|IO_CATRO,XP_051130969.1,74.023,512,130,1,4,515,6,514,0.0,779,87.50
sp|K7WDL7|IRIS_CATRO,K7WDL7.1,100.000,388,0,0,1,388,1,388,0.0,803,100.00
sp|K7WDL7|IRIS_CATRO,AIW09147.1,99.742,388,1,0,1,388,1,388,0.0,801,100.00
sp|K7WDL7|IRIS_CATRO,AMB61018.1,98.966,387,4,0,1,387,1,387,0.0,788,99.22
sp|K7WDL7|IRIS_CATRO,AHA82033.1,98.196,388,5,1,1,388,1,386,0.0,786,98.97
sp|K7WDL7|IRIS_CATRO,AOA52204.1,97.938,388,6,1,1,388,1,386,0.0,785,98.71
sp|K7WDL7|IRIS_CATRO,AOA52208.1,97.938,388,6,1,1,388,1,386,0.0,784,98.97
sp|K7WDL7|IRIS_CATRO,AOA52207.1,97.938,388,6,1,1,388,1,386,0.0,784,98.71
sp|K7WDL7|IRIS_CATRO,AOA52209.1,97.938,388,6,1,1,388,1,386,0.0,783,98.71
sp|K7WDL7|IRIS_CATRO,AOA52206.1,97.938,388,6,1,1,388,1,386,0.0,783,98.71
sp|K7WDL7|IRIS_CATRO,AOA52210.1,97.938,388,6,1,1,388,1,386,0.0,783,98.71
sp|K7WDL7|IRIS_CATRO,AOA52212.1,97.938,388,6,1,1,388,1,386,0.0,783,98.71
sp|K7WDL7|IRIS_CATRO,AOA52205.1,97.938,388,6,1,1,388,1,386,0.0,783,98.97
sp|K7WDL7|IRIS_CATRO,AOA52211.1,97.938,388,6,1,1,388,1,386,0.0,783,98.71
sp|K7WDL7|IRIS_CATRO,AOA52213.1,97.938,388,6,1,1,388,1,386,0.0,782,98.71
sp|K7WDL7|IRIS_CATRO,5EMH_A,99.457,368,2,0,21,388,2,369,0.0,759,99.73
sp|K7WDL7|IRIS_CATRO,5DCU_A,99.727,366,1,0,23,388,3,368,0.0,755,100.00
sp|K7WDL7|IRIS_CATRO,5DF1_A,99.727,366,1,0,23,388,3,368,0.0,755,100.00
sp|K7WDL7|IRIS_CATRO,5DCY_A,99.454,366,2,0,23,388,3,368,0.0,753,99.73
sp|K7WDL7|IRIS_CATRO,5COA_A,99.452,365,2,0,24,388,1,365,0.0,752,99.73
sp|K7WDL7|IRIS_CATRO,5DBF_A,100.000,363,0,0,26,388,1,363,0.0,751,100.00
sp|K7WDL7|IRIS_CATRO,XHC56416.1,88.402,388,45,0,1,388,1,388,0.0,725,93.30
sp|K7WDL7|IRIS_CATRO,XDF18252.1,85.567,388,56,0,1,388,1,388,0.0,705,92.27
sp|K7WDL7|IRIS_CATRO,KAL3505075.1,83.632,391,61,1,1,388,1,391,0.0,687,90.54
sp|K7WDL7|IRIS_CATRO,WIE96229.1,81.679,393,66,1,1,387,1,393,0.0,679,90.33
sp|K7WDL7|IRIS_CATRO,CAI9115927.1,78.680,394,78,2,1,388,1,394,0.0,652,87.06
sp|K7WDL7|IRIS_CATRO,CAI9115928.1,74.458,415,79,2,1,388,1,415,0.0,644,82.17
sp|K7WDL7|IRIS_CATRO,XYA23380.1,77.551,392,84,1,1,388,1,392,0.0,637,85.20
sp|K7WDL7|IRIS_CATRO,CAN8770570.1,76.350,389,91,1,1,388,1,389,0.0,634,86.38
sp|K7WDL7|IRIS_CATRO,ASK39427.1,76.471,391,88,2,1,388,1,390,0.0,632,86.70
sp|K7WDL7|IRIS_CATRO,AKI87774.1,76.531,392,87,2,1,388,1,391,0.0,630,84.95
sp|K7WDL7|IRIS_CATRO,CAN8788750.1,77.635,389,81,4,1,388,1,384,0.0,630,86.89
sp|K7WDL7|IRIS_CATRO,AKI87775.1,76.276,392,88,2,1,388,1,391,0.0,628,84.95
sp|K7WDL7|IRIS_CATRO,KAK3011715.1,73.815,401,91,2,1,388,1,400,0.0,627,83.54
sp|K7WDL7|IRIS_CATRO,CAK9155403.1,74.485,388,96,1,1,388,1,385,0.0,627,85.82
sp|K7WDL7|IRIS_CATRO,KAK2999198.1,78.804,368,77,1,21,388,6,372,0.0,619,87.77
sp|K7WDL7|IRIS_CATRO,KAL2471582.1,74.742,388,94,2,1,388,1,384,0.0,617,85.05
sp|K7WDL7|IRIS_CATRO,KAK2985645.1,78.261,368,79,1,21,388,35,401,0.0,617,87.50
sp|K7WDL7|IRIS_CATRO,KAL2489276.1,74.674,383,93,2,6,388,104,482,0.0,615,86.16
sp|K7WDL7|IRIS_CATRO,CAN8783576.1,77.984,377,79,3,13,388,392,765,0.0,615,87.80
sp|K7WDL7|IRIS_CATRO,CAN8783576.1,57.801,391,156,4,1,385,1,388,6.57e-160,475,74.94
sp|K7WDL7|IRIS_CATRO,CAN8764763.1,77.719,377,80,3,13,388,392,765,0.0,613,87.53
sp|K7WDL7|IRIS_CATRO,CAN8764763.1,57.545,391,157,4,1,385,1,388,1.44e-160,477,75.19
sp|K7WDL7|IRIS_CATRO,QOL71526.1,72.564,390,105,1,1,388,1,390,0.0,610,84.36
sp|K7WDL7|IRIS_CATRO,KAL2489194.1,75.132,378,93,1,11,388,5,381,0.0,610,85.98
sp|K7WDL7|IRIS_CATRO,CAI9771365.1,73.028,393,100,2,1,388,1,392,0.0,592,82.95
sp|K7WDL7|IRIS_CATRO,CAI9115926.1,78.177,362,73,2,1,356,1,362,0.0,588,86.46
sp|K7WDL7|IRIS_CATRO,ALV83438.1,72.010,393,104,2,1,388,1,392,0.0,587,83.21
sp|K7WDL7|IRIS_CATRO,QMS55274.1,70.361,388,114,1,2,388,4,391,0.0,587,83.51
sp|K7WDL7|IRIS_CATRO,XP_022874521.1,71.756,393,105,2,1,388,1,392,0.0,585,82.95
sp|K7WDL7|IRIS_CATRO,CAA2998868.1,74.394,371,94,1,18,388,24,393,0.0,581,85.71
sp|K7WDL7|IRIS_CATRO,CAA2999133.1,74.124,371,95,1,18,388,9,378,0.0,579,85.71
sp|K7WDL7|IRIS_CATRO,XP_071924634.1,69.845,388,116,1,2,388,421,808,0.0,576,82.73
sp|K7WDL7|IRIS_CATRO,XP_071924634.1,59.288,393,154,3,1,388,1,392,1.27e-165,491,74.05
sp|B2KPR3|LAMT_CATRO,B2KPR3.1,100.000,371,0,0,1,371,1,371,0.0,771,100.00
sp|B2KPR3|LAMT_CATRO,6C8R_A,100.000,371,0,0,1,371,1,371,0.0,770,100.00
sp|B2KPR3|LAMT_CATRO,XHC56420.1,86.290,372,49,2,1,371,1,371,0.0,658,91.13
sp|B2KPR3|LAMT_CATRO,QDD67562.1,80.914,372,64,2,2,371,8,374,0.0,624,88.44
sp|B2KPR3|LAMT_CATRO,XYA23383.1,79.570,372,70,3,2,371,11,378,0.0,619,88.44
sp|B2KPR3|LAMT_CATRO,WIE96233.1,80.376,372,66,2,2,371,8,374,0.0,618,89.52
sp|B2KPR3|LAMT_CATRO,UYZ56985.1,79.893,373,67,3,2,371,8,375,0.0,618,89.01
sp|B2KPR3|LAMT_CATRO,KAL3508960.1,82.584,356,60,2,18,371,20,375,0.0,614,90.73
sp|B2KPR3|LAMT_CATRO,KAL3508959.1,81.844,358,61,2,18,371,20,377,0.0,609,89.94
sp|B2KPR3|LAMT_CATRO,KAL3502926.1,77.394,376,73,5,1,371,1,369,0.0,602,88.30
sp|B2KPR3|LAMT_CATRO,QWX38535.1,79.564,367,66,3,9,371,20,381,0.0,600,87.47
sp|B2KPR3|LAMT_CATRO,CAI9089024.1,75.141,354,86,2,18,369,9,362,0.0,559,86.16
sp|B2KPR3|LAMT_CATRO,AMB61019.1,73.743,358,91,3,16,371,11,367,0.0,557,86.03
sp|B2KPR3|LAMT_CATRO,KAM7503053.1,72.905,358,94,3,16,371,11,367,0.0,553,85.75
sp|B2KPR3|LAMT_CATRO,KAM7497720.1,71.978,364,99,3,10,371,5,367,0.0,552,84.89
sp|B2KPR3|LAMT_CATRO,CAN8781856.1,73.371,353,89,2,22,369,1,353,0.0,551,86.97
sp|B2KPR3|LAMT_CATRO,CAN8777167.1,73.654,353,88,2,22,369,1,353,0.0,551,86.69
sp|B2KPR3|LAMT_CATRO,CAN8800014.1,73.088,353,90,2,22,369,1,353,0.0,550,86.97
sp|B2KPR3|LAMT_CATRO,KAK2966624.1,72.676,355,95,2,18,371,9,362,0.0,546,84.51
sp|B2KPR3|LAMT_CATRO,KAK2983370.1,72.676,355,95,2,18,371,9,362,0.0,545,84.23
sp|B2KPR3|LAMT_CATRO,KAK2998844.1,71.671,353,98,2,18,369,9,360,0.0,537,84.14
sp|B2KPR3|LAMT_CATRO,KAK3032509.1,71.105,353,100,2,18,369,9,360,0.0,533,83.57
sp|B2KPR3|LAMT_CATRO,KAM7497727.1,68.436,358,110,3,16,371,13,369,0.0,514,82.68
sp|B2KPR3|LAMT_CATRO,KAM7503061.1,68.156,358,111,3,16,371,13,369,6.38e-180,511,82.40
sp|B2KPR3|LAMT_CATRO,XP_059664910.1,63.003,373,123,5,2,369,48,410,1.10e-172,494,79.62
sp|B2KPR3|LAMT_CATRO,XP_059664911.1,64.444,360,120,5,16,369,3,360,3.39e-170,486,80.56
sp|B2KPR3|LAMT_CATRO,XP_059665203.1,64.167,360,121,5,16,369,3,360,8.78e-170,485,80.83
sp|B2KPR3|LAMT_CATRO,CAI9089026.1,75.265,283,69,1,88,369,1,283,1.97e-157,451,87.28
sp|B2KPR3|LAMT_CATRO,KAL6975998.1,62.202,336,121,2,39,369,1,335,1.01e-148,431,77.98
sp|B2KPR3|LAMT_CATRO,WMS56963.1,55.469,384,137,5,18,369,11,392,3.84e-148,432,73.44
sp|B2KPR3|LAMT_CATRO,8WWQ_A,58.640,353,139,3,18,368,10,357,2.16e-144,421,75.07
sp|B2KPR3|LAMT_CATRO,QVL91739.1,58.640,353,139,3,18,368,36,383,4.16e-144,421,75.07
sp|B2KPR3|LAMT_CATRO,XAX32764.1,58.640,353,139,3,18,368,15,362,5.10e-144,420,75.07
sp|B2KPR3|LAMT_CATRO,XP_058208735.1,54.090,379,154,5,1,371,1,367,2.43e-140,411,71.77
sp|B2KPR3|LAMT_CATRO,KAH7844450.1,56.164,365,149,5,12,371,6,364,5.08e-140,410,73.42
sp|B2KPR3|LAMT_CATRO,KAH7843294.1,56.164,365,149,5,12,371,6,364,6.05e-140,410,73.42
sp|B2KPR3|LAMT_CATRO,XP_058208733.1,53.034,379,159,4,1,371,1,368,6.44e-140,410,71.50
sp|B2KPR3|LAMT_CATRO,XP_058208732.1,53.989,376,153,5,4,371,31,394,1.18e-138,407,71.81
sp|B2KPR3|LAMT_CATRO,XP_071904222.1,56.056,355,145,4,18,368,34,381,1.02e-137,405,74.65
sp|B2KPR3|LAMT_CATRO,KAK2987309.1,52.809,356,157,4,18,369,15,363,7.48e-132,389,74.44
sp|B2KPR3|LAMT_CATRO,KAF7144724.1,55.263,342,139,4,38,371,2,337,2.16e-131,387,73.39
sp|B2KPR3|LAMT_CATRO,XP_058208727.1,51.105,362,168,3,18,371,23,383,4.67e-131,388,71.55
sp|B2KPR3|LAMT_CATRO,CAI9089025.1,75.417,240,57,2,18,255,9,248,5.31e-131,384,85.83
sp|B2KPR3|LAMT_CATRO,KAK9271711.1,51.831,355,168,3,15,368,43,395,4.72e-130,386,73.24
sp|B2KPR3|LAMT_CATRO,XP_059664906.1,63.793,290,94,6,16,299,3,287,1.23e-128,381,79.31
sp|B2KPR3|LAMT_CATRO,KAF8407712.1,52.707,351,161,3,22,369,1,349,1.53e-127,378,70.37
sp|B2KPR3|LAMT_CATRO,KAF8407701.1,51.261,357,166,3,18,371,11,362,3.52e-127,377,68.63
sp|B2KPR3|LAMT_CATRO,CAK9177946.1,52.011,348,165,2,22,369,15,360,8.80e-127,376,71.26
sp|B2KPR3|LAMT_CATRO,KAF7146143.1,53.079,341,147,3,38,370,2,337,1.26e-126,375,73.02
sp|B2KPR3|LAMT_CATRO,KAF7146302.1,52.890,346,144,3,38,371,2,340,1.68e-126,375,71.97
ADP00410.1,ADP00410.1,100.000,295,0,0,1,295,1,295,0.0,613,100.00
ADP00410.1,W5U2K2.1,99.654,289,1,0,7,295,1,289,0.0,598,100.00
ADP00410.1,A0A8X8M501.1,71.972,289,80,1,7,294,1,289,1.17e-156,446,84.43
ADP00410.1,AHH33093.1,71.678,286,80,1,9,293,3,288,1.05e-154,441,84.62
ADP00410.1,A0A075D5I4.1,71.280,289,82,1,7,294,1,289,8.31e-154,439,84.43
ADP00410.1,A0A075D657.1,69.310,290,88,1,6,294,32,321,1.01e-147,424,83.10
ADP00410.1,A0A8X8M4T9.1,65.505,287,97,2,9,293,6,292,1.67e-138,400,80.49
ADP00410.1,A0A075D6M1.1,62.887,291,105,2,7,294,1,291,6.01e-137,396,79.04
ADP00410.1,AHH02778.1,65.505,287,97,2,9,293,7,293,4.20e-136,394,79.79
ADP00410.1,AHH02783.1,62.630,289,107,1,7,294,1,289,5.12e-132,384,78.20
ADP00410.1,AHH02779.1,62.238,286,107,1,9,293,6,291,6.49e-132,383,77.97
ADP00410.1,AHH02784.1,62.182,275,103,1,21,294,15,289,2.72e-124,364,79.27
ADP00410.1,AHH02785.1,56.747,289,121,3,10,294,3,291,7.56e-118,348,76.12
ADP00410.1,KAI5647637.1,56.997,293,121,4,6,294,3,294,1.80e-117,347,75.77
ADP00410.1,A0A8X8M505.1,56.655,293,122,4,6,294,3,294,7.62e-117,345,75.77
ADP00410.1,A0A075D654.1,56.701,291,122,3,7,294,1,290,1.39e-110,329,72.16
ADP00410.1,XP_059625110.1,46.758,293,154,2,2,293,59,350,2.83e-96,295,68.94
ADP00410.1,A0A8X8M4W6.1,47.079,291,152,2,4,293,80,369,1.07e-95,294,70.10
ADP00410.1,XP_059659320.1,46.416,293,155,2,2,293,59,350,1.76e-95,293,68.26
ADP00410.1,XP_027097247.1,46.897,290,152,2,5,293,19,307,2.53e-94,288,70.69
ADP00410.1,XP_027097246.1,46.897,290,152,2,5,293,45,333,2.74e-94,289,70.69
ADP00410.1,KAJ1702801.1,47.735,287,148,2,8,293,54,339,8.55e-94,288,68.99
ADP00410.1,XP_059659319.1,46.259,294,155,3,2,293,59,351,9.96e-94,288,68.03
ADP00410.1,XP_071926494.1,46.897,290,152,2,5,293,69,357,1.15e-93,289,70.69
ADP00410.1,XP_059625111.1,46.416,293,154,3,2,293,59,349,1.24e-93,288,68.60
ADP00410.1,XP_027097244.1,46.897,290,152,2,5,293,101,389,1.70e-93,289,70.69
ADP00410.1,XP_023767658.1,45.907,281,150,2,14,293,60,339,3.37e-93,287,70.46
ADP00410.1,KAO1642913.1,44.898,294,160,2,1,293,53,345,3.50e-93,287,70.41
ADP00410.1,XP_059659322.1,46.075,293,155,3,2,293,59,349,7.63e-93,286,67.92
ADP00410.1,XP_078882444.1,45.907,281,150,2,14,293,60,339,1.02e-92,286,70.11
ADP00410.1,KAI3473263.1,45.993,287,153,2,8,293,9,294,2.23e-92,283,69.34
ADP00410.1,XP_078837562.1,45.907,281,150,2,14,293,60,339,2.36e-92,285,70.11
ADP00410.1,XP_027100043.1,46.207,290,154,2,5,293,45,333,3.71e-92,284,70.00
ADP00410.1,XP_027100044.1,46.207,290,154,2,5,293,19,307,3.80e-92,283,70.00
ADP00410.1,KAJ4759028.1,46.758,293,154,2,2,293,49,340,4.20e-92,284,67.58
ADP00410.1,PIN08725.1,46.341,287,152,2,8,293,74,359,4.44e-92,285,68.99
ADP00410.1,KAJ4811470.1,46.758,293,154,2,2,293,49,340,4.79e-92,284,67.58
ADP00410.1,KAJ4746352.1,47.059,289,151,2,6,293,86,373,7.08e-92,285,68.17
ADP00410.1,XP_027151388.1,46.897,290,152,2,5,293,19,307,1.05e-91,282,70.34
ADP00410.1,GMH19690.1,46.975,281,147,2,14,293,15,294,1.08e-91,281,69.75
ADP00410.1,CAN8666652.1,45.361,291,157,2,4,293,8,297,1.09e-91,281,68.38
ADP00410.1,KAL3839650.1,45.993,287,153,2,8,293,67,352,1.13e-91,284,69.69
ADP00410.1,XP_027151387.1,46.897,290,152,2,5,293,45,333,1.80e-91,282,70.34
ADP00410.1,XP_027100042.1,46.207,290,154,2,5,293,101,389,2.15e-91,284,70.00
ADP00410.1,KAI3473996.1,45.993,287,153,2,8,293,75,360,2.96e-91,283,69.34
ADP00410.1,KAJ4799986.1,47.183,284,148,2,11,293,58,340,3.08e-91,282,68.66
ADP00410.1,MIM5516248.1,45.423,284,153,2,11,293,76,358,3.42e-91,282,69.37
ADP00410.1,WOL14136.1,44.710,293,161,1,1,293,57,348,3.91e-91,282,68.26
ADP00410.1,KAJ3707098.1,46.341,287,152,2,8,293,55,340,3.99e-91,281,68.29
ADP00410.1,CAN8661365.1,45.017,291,158,2,4,293,8,297,4.00e-91,280,68.38
sp|A0A2P1GIW4|REDX1_CATRO,A0A2P1GIW4.1,100.000,354,0,0,1,354,1,354,0.0,728,100.00
sp|A0A2P1GIW4|REDX1_CATRO,KAI5672618.1,99.435,354,2,0,1,354,1,354,0.0,726,100.00
sp|A0A2P1GIW4|REDX1_CATRO,YBV67930.1,85.100,349,52,0,1,349,1,349,0.0,593,91.98
sp|A0A2P1GIW4|REDX1_CATRO,XHA77573.1,71.795,351,99,0,3,353,27,377,6.46e-180,511,82.34
sp|A0A2P1GIW4|REDX1_CATRO,XHA77574.1,71.510,351,100,0,3,353,27,377,6.15e-179,508,82.34
sp|A0A2P1GIW4|REDX1_CATRO,XHA77576.1,71.510,351,100,0,3,353,27,377,4.51e-178,506,81.77
sp|A0A2P1GIW4|REDX1_CATRO,KAL3527495.1,73.789,351,92,0,3,353,27,377,7.54e-178,506,82.05
sp|A0A2P1GIW4|REDX1_CATRO,XHA77575.1,71.143,350,101,0,3,352,5,354,6.66e-177,502,83.43
sp|A0A2P1GIW4|REDX1_CATRO,WNF20697.1,70.085,351,105,0,3,353,27,377,1.14e-174,498,80.63
sp|A0A2P1GIW4|REDX1_CATRO,YCO90883.1,70.940,351,102,0,3,353,27,377,9.64e-172,490,79.77
sp|A0A2P1GIW4|REDX1_CATRO,GMY12060.1,69.054,349,108,0,5,353,11,359,5.38e-171,488,81.38
sp|A0A2P1GIW4|REDX1_CATRO,KAL3527584.1,69.914,349,105,0,5,353,7,355,6.25e-170,485,81.66
sp|A0A2P1GIW4|REDX1_CATRO,XP_071912772.1,70.940,351,102,0,3,353,5,355,1.05e-169,484,80.63
sp|A0A2P1GIW4|REDX1_CATRO,XP_059645435.1,68.258,356,106,1,1,349,1,356,1.07e-169,484,80.34
sp|A0A2P1GIW4|REDX1_CATRO,CAR5610630.1,68.116,345,110,0,5,349,12,356,1.23e-169,484,80.58
sp|A0A2P1GIW4|REDX1_CATRO,XP_034932162.1,67.714,350,113,0,5,354,11,360,3.29e-169,483,80.29
sp|A0A2P1GIW4|REDX1_CATRO,AAW45741.1,67.714,350,113,0,5,354,11,360,3.80e-169,483,80.29
sp|A0A2P1GIW4|REDX1_CATRO,1YQD_A,67.714,350,113,0,5,354,15,364,5.57e-169,483,80.00
sp|A0A2P1GIW4|REDX1_CATRO,KAJ8765636.1,66.762,349,116,0,5,353,11,359,6.67e-169,482,81.09
sp|A0A2P1GIW4|REDX1_CATRO,AAK58693.1,67.714,350,113,0,5,354,11,360,9.01e-169,482,80.00
sp|A0A2P1GIW4|REDX1_CATRO,KAJ6864807.1,67.429,350,114,0,5,354,11,360,9.62e-169,482,80.29
sp|A0A2P1GIW4|REDX1_CATRO,WNF20698.1,70.145,345,103,0,5,349,13,357,1.03e-168,482,80.29
sp|A0A2P1GIW4|REDX1_CATRO,XP_027079442.1,70.085,351,105,0,3,353,5,355,1.40e-168,481,80.34
sp|A0A2P1GIW4|REDX1_CATRO,XP_059645436.1,67.416,356,109,1,1,349,1,356,1.64e-168,481,80.06
sp|A0A2P1GIW4|REDX1_CATRO,XP_061955310.1,67.429,350,114,0,5,354,11,360,1.92e-168,481,80.29
sp|A0A2P1GIW4|REDX1_CATRO,KAL9373993.1,67.429,350,114,0,5,354,11,360,2.44e-168,481,80.00
sp|A0A2P1GIW4|REDX1_CATRO,XP_002322822.2,67.429,350,114,0,5,354,11,360,3.42e-168,480,80.00
sp|A0A2P1GIW4|REDX1_CATRO,XP_011004094.1,67.429,350,114,0,5,354,11,360,5.24e-168,480,80.00
sp|A0A2P1GIW4|REDX1_CATRO,XP_027178562.1,69.231,351,108,0,3,353,5,355,6.13e-168,479,80.06
sp|A0A2P1GIW4|REDX1_CATRO,KAL9336543.1,67.143,350,115,0,5,354,11,360,7.28e-168,479,80.29
sp|A0A2P1GIW4|REDX1_CATRO,KAK4585050.1,68.481,349,110,0,5,353,12,360,1.13e-167,479,80.23
sp|A0A2P1GIW4|REDX1_CATRO,CAN8813361.1,66.762,349,116,0,5,353,7,355,1.52e-167,478,81.38
sp|A0A2P1GIW4|REDX1_CATRO,KAK9990921.1,68.195,349,111,0,5,353,12,360,1.62e-167,479,79.66
sp|A0A2P1GIW4|REDX1_CATRO,XP_027075677.2,69.231,351,108,0,3,353,5,355,2.13e-167,478,80.34
sp|A0A2P1GIW4|REDX1_CATRO,XP_034677177.1,68.195,349,111,0,5,353,25,373,2.14e-167,479,80.23
sp|A0A2P1GIW4|REDX1_CATRO,KAH8485330.1,67.143,350,115,0,5,354,11,360,2.56e-167,478,80.00
sp|A0A2P1GIW4|REDX1_CATRO,XP_027177663.1,69.231,351,108,0,3,353,20,370,2.77e-167,479,80.34
sp|A0A2P1GIW4|REDX1_CATRO,XP_075652736.1,68.195,349,111,0,5,353,12,360,3.34e-167,478,80.52
sp|A0A2P1GIW4|REDX1_CATRO,XP_030969046.1,68.195,349,111,0,5,353,12,360,3.65e-167,478,80.52
sp|A0A2P1GIW4|REDX1_CATRO,KAF3946821.1,68.195,349,111,0,5,353,16,364,3.98e-167,478,80.52
sp|A0A2P1GIW4|REDX1_CATRO,KAK4585052.1,68.195,349,111,0,5,353,12,360,7.51e-167,477,79.94
sp|A0A2P1GIW4|REDX1_CATRO,KAJ8771215.1,66.476,349,117,0,5,353,11,359,1.01e-166,477,79.94
sp|A0A2P1GIW4|REDX1_CATRO,KAK4585048.1,68.195,349,111,0,5,353,12,360,1.18e-166,476,80.23
sp|A0A2P1GIW4|REDX1_CATRO,KAM3756810.1,68.195,349,111,0,5,353,12,360,1.24e-166,476,79.94
sp|A0A2P1GIW4|REDX1_CATRO,KAK4844323.1,66.762,349,116,0,5,353,11,359,1.41e-166,476,80.52
sp|A0A2P1GIW4|REDX1_CATRO,XP_030974480.1,68.195,349,111,0,5,353,12,360,1.46e-166,476,79.94
sp|A0A2P1GIW4|REDX1_CATRO,CAN8813359.1,66.476,349,117,0,5,353,7,355,1.94e-166,476,81.09
sp|A0A2P1GIW4|REDX1_CATRO,KAM3708994.1,68.195,349,111,0,5,353,12,360,2.10e-166,476,79.94
sp|A0A2P1GIW4|REDX1_CATRO,KAF3950790.1,68.195,349,111,0,5,353,12,360,2.22e-166,476,79.94
sp|A0A2P1GIW4|REDX1_CATRO,KAL4644432.1,67.908,349,112,0,5,353,12,360,2.53e-166,476,80.23
sp|A0A2P1GIY9|REDX2_CATRO,A0A2P1GIY9.1,100.000,323,0,0,1,323,1,323,0.0,670,100.00
sp|A0A2P1GIY9|REDX2_CATRO,XUJ55406.1,84.830,323,49,0,1,323,1,323,0.0,584,93.50
sp|A0A2P1GIY9|REDX2_CATRO,A0A9E7S518.1,82.663,323,56,0,1,323,1,323,0.0,572,91.64
sp|A0A2P1GIY9|REDX2_CATRO,YBV67931.1,83.282,323,54,0,1,323,1,323,0.0,572,91.02
sp|A0A2P1GIY9|REDX2_CATRO,A0A9E7S5B9.1,77.399,323,73,0,1,323,1,323,0.0,515,87.93
sp|A0A2P1GIY9|REDX2_CATRO,KAL3512469.1,66.981,318,104,1,6,323,11,327,2.06e-165,471,84.59
sp|A0A2P1GIY9|REDX2_CATRO,KAI5673958.1,68.438,320,99,2,5,323,1,319,1.80e-164,468,84.69
sp|A0A2P1GIY9|REDX2_CATRO,XP_027125634.2,66.769,325,105,3,1,323,5,328,3.34e-164,468,83.69
sp|A0A2P1GIY9|REDX2_CATRO,XP_027167443.1,66.358,324,106,3,1,322,5,327,1.68e-162,463,83.02
sp|A0A2P1GIY9|REDX2_CATRO,KAL3512470.1,66.246,317,106,1,7,323,12,327,5.30e-162,462,83.91
sp|A0A2P1GIY9|REDX2_CATRO,KAL3512468.1,65.723,318,108,1,6,323,11,327,7.04e-162,462,83.65
sp|A0A2P1GIY9|REDX2_CATRO,XP_071901954.1,65.741,324,108,3,1,322,5,327,1.57e-161,461,82.41
sp|A0A2P1GIY9|REDX2_CATRO,KAL3512473.1,65.409,318,109,1,6,323,7,323,2.59e-161,460,84.28
sp|A0A2P1GIY9|REDX2_CATRO,XP_027167445.1,64.506,324,113,2,1,323,1,323,1.91e-159,456,83.64
sp|A0A2P1GIY9|REDX2_CATRO,KAL3512474.1,65.094,318,110,1,6,323,11,327,5.54e-159,454,83.96
sp|A0A2P1GIY9|REDX2_CATRO,XP_027167446.1,64.506,324,113,2,1,323,1,323,5.91e-159,454,83.33
sp|A0A2P1GIY9|REDX2_CATRO,KAL3507619.1,65.931,317,107,1,7,323,12,327,5.91e-159,454,83.60
sp|A0A2P1GIY9|REDX2_CATRO,XP_027125636.1,64.506,324,113,2,1,323,1,323,6.38e-159,454,83.33
sp|A0A2P1GIY9|REDX2_CATRO,XP_027122930.1,63.889,324,115,2,1,323,1,323,5.82e-158,452,82.41
sp|A0A2P1GIY9|REDX2_CATRO,XP_027167444.1,63.580,324,116,2,1,323,1,323,1.00e-156,449,82.41
sp|A0A2P1GIY9|REDX2_CATRO,CDP20573.1,64.000,325,114,3,1,323,5,328,1.12e-156,449,83.38
sp|A0A2P1GIY9|REDX2_CATRO,XP_054812149.1,63.158,323,118,1,1,323,1,322,2.07e-155,445,81.73
sp|A0A2P1GIY9|REDX2_CATRO,CDP20572.1,64.873,316,108,3,1,314,1,315,6.85e-155,444,82.28
sp|A0A2P1GIY9|REDX2_CATRO,CAI9113271.1,63.208,318,116,1,6,323,12,328,8.01e-155,444,83.02
sp|A0A2P1GIY9|REDX2_CATRO,CAI9113270.1,63.208,318,116,1,6,323,72,388,1.24e-153,443,83.02
sp|A0A2P1GIY9|REDX2_CATRO,XP_028805520.1,61.610,323,123,1,1,323,1,322,6.53e-152,436,80.80
sp|A0A2P1GIY9|REDX2_CATRO,CAI9113273.1,62.080,327,117,2,2,322,4,329,9.99e-152,436,80.43
sp|A0A2P1GIY9|REDX2_CATRO,CDP20574.1,63.072,306,112,1,18,323,1,305,2.81e-150,431,82.68
sp|A0A2P1GIY9|REDX2_CATRO,CAI9113261.1,61.006,318,123,1,6,323,11,327,1.03e-149,431,82.08
sp|A0A2P1GIY9|REDX2_CATRO,CAI9113248.1,62.382,319,118,2,6,323,11,328,2.62e-148,427,80.88
sp|A0A2P1GIY9|REDX2_CATRO,CAI9113260.1,63.636,319,114,2,6,323,11,328,1.15e-147,426,80.25
sp|A0A2P1GIY9|REDX2_CATRO,CAI9113278.1,60.938,320,124,1,4,323,6,324,6.06e-147,424,80.31
sp|A0A2P1GIY9|REDX2_CATRO,KAL9334803.1,61.180,322,123,2,3,323,2,322,1.15e-146,423,81.37
sp|A0A2P1GIY9|REDX2_CATRO,KAK4280623.1,60.681,323,126,1,1,323,1,322,1.16e-146,423,79.57
sp|A0A2P1GIY9|REDX2_CATRO,PIN18758.1,60.188,319,126,1,5,323,1,318,1.23e-146,423,80.56
sp|A0A2P1GIY9|REDX2_CATRO,XP_059647621.1,60.312,320,126,1,3,322,2,320,2.14e-146,422,80.00
sp|A0A2P1GIY9|REDX2_CATRO,KAK9277910.1,63.009,319,116,2,6,323,5,322,2.70e-146,422,79.94
sp|A0A2P1GIY9|REDX2_CATRO,XP_042501615.1,60.883,317,122,2,7,323,6,320,2.90e-146,422,81.70
sp|A0A2P1GIY9|REDX2_CATRO,KAI5673959.1,61.420,324,116,3,1,323,1,316,2.94e-146,422,79.01
sp|A0A2P1GIY9|REDX2_CATRO,XP_038680599.1,61.180,322,123,2,2,322,3,323,4.02e-146,422,81.06
sp|A0A2P1GIY9|REDX2_CATRO,XP_027125635.2,64.527,296,103,2,1,295,1,295,1.09e-145,419,84.46
sp|A0A2P1GIY9|REDX2_CATRO,XP_038687751.1,61.635,318,121,1,6,323,5,321,1.12e-145,421,80.82
sp|A0A2P1GIY9|REDX2_CATRO,KAI9087327.1,60.991,323,125,1,1,323,1,322,1.54e-145,420,79.57
sp|A0A2P1GIY9|REDX2_CATRO,XP_061956522.1,61.180,322,123,2,3,323,2,322,1.70e-145,420,81.06
sp|A0A2P1GIY9|REDX2_CATRO,XP_059643953.1,60.125,321,126,2,3,322,2,321,1.75e-145,420,80.69
sp|A0A2P1GIY9|REDX2_CATRO,KAI5568665.1,60.870,322,124,2,3,323,2,322,2.23e-145,420,81.06
sp|A0A2P1GIY9|REDX2_CATRO,XP_011000749.1,60.248,322,126,2,3,323,2,322,3.03e-145,419,81.06
sp|A0A2P1GIY9|REDX2_CATRO,KAJ9674295.1,60.377,318,124,2,6,322,5,321,6.59e-145,419,81.45
sp|A0A2P1GIY9|REDX2_CATRO,PIN18776.1,59.561,319,128,1,5,323,1,318,9.89e-145,418,80.25
sp|A0A2P1GIY9|REDX2_CATRO,XP_052301801.1,60.559,322,125,2,3,323,2,322,2.47e-144,417,80.75
sp|A0A2P1GIW7|SAT_CATRO,A0A2P1GIW7.1,100.000,421,0,0,1,421,1,421,0.0,875,100.00
sp|A0A2P1GIW7|SAT_CATRO,YBV67932.1,77.197,421,93,3,1,420,1,419,0.0,690,89.79
sp|A0A2P1GIW7|SAT_CATRO,Q70PR7.2,70.449,423,119,5,1,420,1,420,0.0,615,83.69
sp|A0A2P1GIW7|SAT_CATRO,KAI5655298.1,68.182,440,107,10,2,420,5,432,0.0,573,78.64
sp|A0A2P1GIW7|SAT_CATRO,CAK9172568.1,47.380,439,206,9,1,420,9,441,2.14e-135,403,66.74
sp|A0A2P1GIW7|SAT_CATRO,XP_059644671.1,49.057,424,192,8,4,410,5,421,2.22e-134,400,66.98
sp|A0A2P1GIW7|SAT_CATRO,XP_059638881.1,48.936,423,198,7,4,412,3,421,3.19e-133,397,65.96
sp|A0A2P1GIW7|SAT_CATRO,XP_059658977.1,46.977,430,204,9,5,417,6,428,1.27e-132,395,67.21
sp|A0A2P1GIW7|SAT_CATRO,CAK9168613.1,47.059,425,207,6,1,410,1,422,6.51e-131,391,66.35
sp|A0A2P1GIW7|SAT_CATRO,XP_071902017.1,47.926,434,204,9,4,419,3,432,1.24e-129,388,65.90
sp|A0A2P1GIW7|SAT_CATRO,XP_027169292.1,47.465,434,206,9,4,419,3,432,5.48e-128,384,66.36
sp|A0A2P1GIW7|SAT_CATRO,KAA8542165.1,48.086,418,193,9,4,407,5,412,4.18e-127,381,65.07
sp|A0A2P1GIW7|SAT_CATRO,CAK9172671.1,48.364,428,196,8,1,410,6,426,8.48e-127,381,67.29
sp|A0A2P1GIW7|SAT_CATRO,XP_027169294.1,45.805,441,207,11,5,418,1,436,3.03e-126,380,65.99
sp|A0A2P1GIW7|SAT_CATRO,XP_071902536.1,45.578,441,208,11,5,418,1,436,3.23e-126,380,66.21
sp|A0A2P1GIW7|SAT_CATRO,PIN14892.1,45.498,422,210,8,4,414,5,417,4.67e-126,379,64.93
sp|A0A2P1GIW7|SAT_CATRO,CDP15031.1,45.169,445,212,11,1,418,1,440,2.28e-124,375,65.62
sp|A0A2P1GIW7|SAT_CATRO,KAA8542163.1,47.045,423,195,9,4,407,108,520,5.14e-123,375,64.07
sp|A0A2P1GIW7|SAT_CATRO,XP_059644282.1,44.941,425,210,8,4,410,5,423,8.17e-123,370,65.18
sp|A0A2P1GIW7|SAT_CATRO,XP_027162825.1,46.774,434,209,9,1,414,1,432,1.15e-121,368,63.13
sp|A0A2P1GIW7|SAT_CATRO,CDP08574.1,46.224,437,213,9,1,417,1,435,1.49e-121,367,63.39
sp|A0A2P1GIW7|SAT_CATRO,KAL3512591.1,45.455,440,213,11,1,415,1,438,5.53e-121,366,65.68
sp|A0A2P1GIW7|SAT_CATRO,XP_027109682.2,46.544,434,210,9,1,414,1,432,5.66e-121,366,63.36
sp|A0A2P1GIW7|SAT_CATRO,KAL3533129.1,46.154,442,201,11,1,414,1,433,1.48e-120,365,64.25
sp|A0A2P1GIW7|SAT_CATRO,KAI3472586.1,47.281,423,197,11,4,411,5,416,5.68e-120,363,66.19
sp|A0A2P1GIW7|SAT_CATRO,KAL2515212.1,46.604,427,198,10,1,409,1,415,6.98e-119,360,65.34
sp|A0A2P1GIW7|SAT_CATRO,PIN14889.1,43.972,423,215,8,5,414,6,419,2.74e-118,359,64.30
sp|A0A2P1GIW7|SAT_CATRO,KAA8542162.1,45.626,423,201,9,4,407,44,456,3.28e-118,360,63.83
sp|A0A2P1GIW7|SAT_CATRO,XP_059638879.1,44.917,423,211,7,4,410,5,421,6.44e-118,358,65.01
sp|A0A2P1GIW7|SAT_CATRO,KAL2515215.1,44.626,428,206,9,4,409,3,421,8.68e-117,355,64.02
sp|A0A2P1GIW7|SAT_CATRO,XUJ55407.1,44.755,429,214,8,4,419,6,424,1.37e-116,354,61.07
sp|A0A2P1GIW7|SAT_CATRO,KAL2515092.1,43.925,428,209,9,4,409,3,421,1.46e-116,354,64.95
sp|A0A2P1GIW7|SAT_CATRO,KAL2515218.1,44.159,428,208,9,4,409,3,421,2.74e-116,353,64.49
sp|A0A2P1GIW7|SAT_CATRO,XP_071902535.1,46.585,410,197,9,4,395,3,408,3.60e-116,353,65.37
sp|A0A2P1GIW7|SAT_CATRO,CAK9143472.1,46.582,395,193,6,31,410,187,578,3.77e-116,358,65.32
sp|A0A2P1GIW7|SAT_CATRO,CAK9143472.1,48.168,191,96,1,1,191,1,188,4.54e-51,189,70.16
sp|A0A2P1GIW7|SAT_CATRO,XP_009602470.1,41.844,423,216,9,1,405,1,411,9.49e-116,352,65.96
sp|A0A2P1GIW7|SAT_CATRO,KAL2515373.1,44.393,428,207,9,4,409,3,421,1.04e-115,352,63.79
sp|A0A2P1GIW7|SAT_CATRO,PIN01255.1,44.418,421,213,7,4,414,5,414,1.34e-115,352,62.47
sp|A0A2P1GIW7|SAT_CATRO,KAL2515346.1,43.692,428,210,9,4,409,3,421,2.86e-115,351,64.25
sp|A0A2P1GIW7|SAT_CATRO,XP_016477365.1,41.608,423,217,9,1,405,1,411,3.34e-115,350,65.96
sp|A0A2P1GIW7|SAT_CATRO,KAL3512592.1,44.622,437,215,10,4,419,3,433,8.51e-115,350,64.30
sp|A0A2P1GIW7|SAT_CATRO,XP_022862234.1,45.346,419,200,10,5,404,4,412,1.30e-114,349,64.20
sp|A0A2P1GIW7|SAT_CATRO,KAI3463653.1,44.313,422,211,9,1,407,1,413,1.32e-114,349,64.45
sp|A0A2P1GIW7|SAT_CATRO,KAI5669457.1,44.700,434,222,9,1,419,1,431,1.72e-114,349,61.98
sp|A0A2P1GIW7|SAT_CATRO,KAL7161773.1,43.439,442,219,13,1,415,1,438,4.52e-114,348,63.35
sp|A0A2P1GIW7|SAT_CATRO,KAL2492306.1,44.444,432,205,10,4,409,3,425,4.55e-114,348,63.89
sp|A0A2P1GIW7|SAT_CATRO,CAA2939542.1,45.215,418,200,10,5,403,4,411,5.43e-114,347,64.11
sp|A0A2P1GIW7|SAT_CATRO,KAL2515219.1,43.458,428,211,9,4,409,3,421,8.37e-114,347,63.79
sp|A0A2P1GIW7|SAT_CATRO,XP_009773462.2,43.365,422,209,10,1,403,1,411,9.24e-114,347,65.17
sp|A0A2P1GIW7|SAT_CATRO,KAL2515216.1,43.458,428,211,9,4,409,3,421,9.43e-114,347,63.55
tr|Q9M7N7|Q9M7N7_CATRO,AAF28800.1,100.000,555,0,0,1,555,1,555,0.0,1152,100.00
tr|Q9M7N7|Q9M7N7_CATRO,KAI5665029.1,99.640,555,2,0,1,555,1,555,0.0,1147,99.64
tr|Q9M7N7|Q9M7N7_CATRO,ABW77570.1,99.459,555,3,0,1,555,1,555,0.0,1145,99.46
tr|Q9M7N7|Q9M7N7_CATRO,AVH80943.1,99.368,475,3,0,1,475,1,475,0.0,980,99.58
tr|Q9M7N7|Q9M7N7_CATRO,KAI5665034.1,98.737,475,6,0,1,475,1,475,0.0,974,99.16
tr|Q9M7N7|Q9M7N7_CATRO,AFI71457.1,71.351,555,138,7,1,554,1,535,0.0,799,80.00
tr|Q9M7N7|Q9M7N7_CATRO,Q8GU20.1,70.631,555,138,6,1,554,1,531,0.0,799,79.82
tr|Q9M7N7|Q9M7N7_CATRO,YBV67927.1,71.540,513,125,5,45,554,41,535,0.0,757,81.48
tr|Q9M7N7|Q9M7N7_CATRO,KAM7508712.1,54.409,533,205,7,46,554,12,530,0.0,591,68.86
tr|Q9M7N7|Q9M7N7_CATRO,KAM7512045.1,54.409,533,205,7,46,554,12,530,0.0,590,68.67
tr|Q9M7N7|Q9M7N7_CATRO,KAM7508710.1,54.034,533,207,7,46,554,12,530,0.0,586,68.48
tr|Q9M7N7|Q9M7N7_CATRO,KAM7512042.1,54.034,533,207,7,46,554,12,530,0.0,584,68.29
tr|Q9M7N7|Q9M7N7_CATRO,WNF20694.1,53.383,532,202,7,46,547,17,532,0.0,579,67.48
tr|Q9M7N7|Q9M7N7_CATRO,KAL3533007.1,52.328,537,214,6,46,554,17,539,0.0,576,68.16
tr|Q9M7N7|Q9M7N7_CATRO,KAL3533003.1,54.921,508,187,6,46,525,17,510,0.0,575,69.69
tr|Q9M7N7|Q9M7N7_CATRO,9LF6_A,52.166,554,216,10,29,554,1,533,0.0,573,67.69
tr|Q9M7N7|Q9M7N7_CATRO,XP_059634684.1,53.502,514,218,6,45,553,18,515,0.0,559,68.48
tr|Q9M7N7|Q9M7N7_CATRO,UTN00717.1,53.475,518,201,6,45,536,17,520,0.0,556,68.92
tr|Q9M7N7|Q9M7N7_CATRO,UTN00716.1,53.282,518,202,6,45,536,17,520,0.0,555,69.11
tr|Q9M7N7|Q9M7N7_CATRO,KAM7508701.1,51.224,531,225,6,45,554,8,525,0.0,555,67.61
tr|Q9M7N7|Q9M7N7_CATRO,AES93119.1,51.648,546,221,8,33,553,5,532,0.0,553,66.67
tr|Q9M7N7|Q9M7N7_CATRO,KAI5675797.1,52.437,513,207,7,36,525,11,509,0.0,551,67.45
tr|Q9M7N7|Q9M7N7_CATRO,KAM7511443.1,52.022,544,213,9,43,554,15,542,0.0,550,65.99
tr|Q9M7N7|Q9M7N7_CATRO,KAM7508125.1,51.838,544,214,9,43,554,15,542,0.0,548,65.81
tr|Q9M7N7|Q9M7N7_CATRO,KAK3034898.1,52.158,533,215,9,30,538,13,529,0.0,547,66.04
tr|Q9M7N7|Q9M7N7_CATRO,XP_058200437.1,51.233,527,210,6,44,537,22,534,0.0,547,65.65
tr|Q9M7N7|Q9M7N7_CATRO,KAA8549635.1,52.682,522,203,8,45,539,7,511,0.0,547,66.86
tr|Q9M7N7|Q9M7N7_CATRO,XP_059652677.1,54.400,500,198,7,46,529,16,501,0.0,546,67.80
tr|Q9M7N7|Q9M7N7_CATRO,Q9SPP9.1,53.096,533,213,7,46,553,17,537,0.0,545,67.35
tr|Q9M7N7|Q9M7N7_CATRO,KAI5675780.1,50.781,512,213,7,36,522,11,508,0.0,545,68.36
tr|Q9M7N7|Q9M7N7_CATRO,KAI7991254.1,53.400,500,214,4,40,529,30,520,0.0,543,68.80
tr|Q9M7N7|Q9M7N7_CATRO,CAL5433809.1,53.089,518,211,7,30,529,17,520,0.0,541,67.37
tr|Q9M7N7|Q9M7N7_CATRO,CAL5357933.1,52.896,518,212,7,30,529,17,520,0.0,541,67.18
tr|Q9M7N7|Q9M7N7_CATRO,4ATD_A,54.851,505,191,7,46,525,17,509,0.0,541,69.11
tr|Q9M7N7|Q9M7N7_CATRO,XUU14067.1,50.766,522,215,9,45,540,12,517,0.0,540,67.43
tr|Q9M7N7|Q9M7N7_CATRO,CAL5437784.1,52.896,518,212,7,30,529,17,520,0.0,540,67.37
tr|Q9M7N7|Q9M7N7_CATRO,KAI8526351.1,50.867,519,208,6,44,529,22,526,0.0,540,66.09
tr|Q9M7N7|Q9M7N7_CATRO,3U57_A,54.653,505,192,7,46,525,17,509,0.0,540,69.11
tr|Q9M7N7|Q9M7N7_CATRO,KAL7227099.1,53.200,500,215,4,40,529,30,520,0.0,539,68.20
tr|Q9M7N7|Q9M7N7_CATRO,XP_082755941.1,52.896,518,212,7,30,529,21,524,0.0,539,66.99
tr|Q9M7N7|Q9M7N7_CATRO,GMQ00632.1,52.510,518,214,7,30,529,17,520,0.0,538,66.99
tr|Q9M7N7|Q9M7N7_CATRO,KAL7199246.1,53.000,500,216,4,40,529,30,520,0.0,537,68.20
tr|Q9M7N7|Q9M7N7_CATRO,GLT57776.1,54.786,491,201,5,46,529,29,505,0.0,537,69.25
tr|Q9M7N7|Q9M7N7_CATRO,GMD25905.1,50.973,514,210,7,46,530,22,522,0.0,537,68.68
tr|Q9M7N7|Q9M7N7_CATRO,QCD88437.1,53.157,491,209,6,46,529,38,514,0.0,536,71.08
tr|Q9M7N7|Q9M7N7_CATRO,KAL3533004.1,50.279,537,208,7,46,554,17,522,0.0,536,65.18
tr|Q9M7N7|Q9M7N7_CATRO,XP_027910736.2,53.360,491,208,6,46,529,38,514,0.0,536,71.08
tr|Q9M7N7|Q9M7N7_CATRO,XP_027910735.2,53.360,491,208,6,46,529,38,514,0.0,536,71.08
tr|Q9M7N7|Q9M7N7_CATRO,KAL2481845.1,50.672,521,220,5,46,545,50,554,0.0,536,66.41
tr|Q9M7N7|Q9M7N7_CATRO,XP_027174620.1,53.862,492,210,8,46,534,11,488,0.0,535,68.70
sp|Q05047|SLS1_CATRO,Q05047.1,100.000,524,0,0,1,524,1,524,0.0,1092,100.00
sp|Q05047|SLS1_CATRO,AAA17732.1,98.282,524,9,0,1,524,1,524,0.0,1073,98.85
sp|Q05047|SLS1_CATRO,U5NDT8.1,97.514,523,13,0,1,523,1,523,0.0,1068,99.04
sp|Q05047|SLS1_CATRO,AKF02530.1,96.947,524,16,0,1,524,1,524,0.0,1062,98.66
sp|Q05047|SLS1_CATRO,KAI5669980.1,96.756,524,17,0,1,524,1,524,0.0,1060,98.47
sp|Q05047|SLS1_CATRO,AAA17746.1,97.656,512,12,0,12,523,1,512,0.0,1048,99.22
sp|Q05047|SLS1_CATRO,AGX93047.1,93.321,524,35,0,1,524,1,524,0.0,1030,96.56
sp|Q05047|SLS1_CATRO,AGX93046.1,92.366,524,40,0,1,524,1,524,0.0,1019,96.56
sp|Q05047|SLS1_CATRO,AGX93049.1,91.221,524,46,0,1,524,1,524,0.0,1016,96.18
sp|Q05047|SLS1_CATRO,XHC56421.1,92.912,522,37,0,1,522,1,522,0.0,999,96.93
sp|Q05047|SLS1_CATRO,AGX93048.1,91.031,524,47,0,1,524,1,524,0.0,970,95.42
sp|Q05047|SLS1_CATRO,WIE96234.1,86.372,521,71,0,3,523,1,521,0.0,949,92.90
sp|Q05047|SLS1_CATRO,KAL3537460.1,85.221,521,77,0,3,523,1,521,0.0,941,93.09
sp|Q05047|SLS1_CATRO,QWX38536.1,83.174,523,87,1,1,523,1,522,0.0,931,92.93
sp|Q05047|SLS1_CATRO,WRW51048.1,84.453,521,81,0,3,523,1,521,0.0,931,92.51
sp|Q05047|SLS1_CATRO,BAP90521.1,83.527,516,85,0,8,523,5,520,0.0,926,92.83
sp|Q05047|SLS1_CATRO,WMS56962.1,76.628,522,121,1,1,522,1,521,0.0,866,89.27
sp|Q05047|SLS1_CATRO,KAM7476746.1,77.539,512,115,0,11,522,10,521,0.0,865,88.48
sp|Q05047|SLS1_CATRO,AGX93044.1,76.346,520,123,0,3,522,1,520,0.0,864,88.46
sp|Q05047|SLS1_CATRO,KAM7472525.1,76.154,520,124,0,3,522,1,520,0.0,863,88.46
sp|Q05047|SLS1_CATRO,KAM7476744.1,75.962,520,125,0,3,522,1,520,0.0,862,88.46
sp|Q05047|SLS1_CATRO,AQW38832.1,76.054,522,124,1,1,522,1,521,0.0,862,88.89
sp|Q05047|SLS1_CATRO,AGX93045.1,77.027,518,119,0,5,522,1,518,0.0,861,88.42
sp|Q05047|SLS1_CATRO,KAM7472526.1,78.884,502,106,0,21,522,1,502,0.0,861,89.44
sp|Q05047|SLS1_CATRO,WHM27864.1,74.664,521,132,0,3,523,1,521,0.0,860,89.25
sp|Q05047|SLS1_CATRO,KAL3537457.1,77.027,518,119,0,5,522,1,518,0.0,859,88.03
sp|Q05047|SLS1_CATRO,WHM27863.1,74.472,521,133,0,3,523,1,521,0.0,857,88.87
sp|Q05047|SLS1_CATRO,KAL3516465.1,76.301,519,123,0,5,523,1,519,0.0,855,88.82
sp|Q05047|SLS1_CATRO,XYA23384.1,76.850,527,116,5,1,522,1,526,0.0,852,88.43
sp|Q05047|SLS1_CATRO,QAS69007.1,74.615,520,132,0,3,522,1,520,0.0,852,89.04
sp|Q05047|SLS1_CATRO,BBI55002.1,73.129,521,140,0,3,523,1,521,0.0,838,87.72
sp|Q05047|SLS1_CATRO,WHM27862.1,73.964,507,132,0,3,509,1,507,0.0,827,88.56
sp|Q05047|SLS1_CATRO,QWX38538.1,70.058,521,155,1,3,522,1,521,0.0,798,85.99
sp|Q05047|SLS1_CATRO,KAM7523456.1,70.385,520,154,0,3,522,1,520,0.0,794,83.85
sp|Q05047|SLS1_CATRO,QWX38537.1,74.597,496,124,2,3,496,1,496,0.0,794,86.90
sp|Q05047|SLS1_CATRO,KAM7528991.1,68.846,520,162,0,3,522,1,520,0.0,781,83.65
sp|Q05047|SLS1_CATRO,KAL3502754.1,69.674,521,158,0,3,523,1,521,0.0,778,85.41
sp|Q05047|SLS1_CATRO,KAL3537465.1,67.054,516,161,1,6,521,3,509,0.0,759,83.14
sp|Q05047|SLS1_CATRO,QNL13416.1,64.885,524,184,0,1,524,1,524,0.0,758,83.40
sp|Q05047|SLS1_CATRO,QDC27813.1,64.943,522,183,0,3,524,1,522,0.0,758,82.76
sp|Q05047|SLS1_CATRO,KAA8526713.1,65.192,520,181,0,3,522,1,520,0.0,756,82.50
sp|Q05047|SLS1_CATRO,KAA8524066.1,64.299,521,186,0,3,523,1,521,0.0,752,82.92
sp|Q05047|SLS1_CATRO,KAM7523457.1,67.115,520,158,1,3,522,1,507,0.0,751,81.54
sp|Q05047|SLS1_CATRO,QDC27812.1,63.359,524,192,0,1,524,1,524,0.0,749,82.63
sp|Q05047|SLS1_CATRO,ADU19849.1,63.359,524,192,0,1,524,1,524,0.0,749,82.63
sp|Q05047|SLS1_CATRO,KAA8526716.1,64.231,520,186,0,3,522,1,520,0.0,746,81.15
sp|Q05047|SLS1_CATRO,XYA23391.1,64.672,518,182,1,5,522,1,517,0.0,744,82.82
sp|Q05047|SLS1_CATRO,KAA8526717.1,64.231,520,186,0,3,522,1,520,0.0,743,80.96
sp|Q05047|SLS1_CATRO,QNL13418.1,60.461,521,203,1,3,523,1,518,0.0,695,78.89
sp|Q05047|SLS1_CATRO,XP_059636257.1,59.302,516,207,3,10,524,30,543,0.0,675,79.46
sp|P18417|STSY_CATRO,P18417.2,100.000,352,0,0,1,352,1,352,0.0,726,100.00
sp|P18417|STSY_CATRO,CAA37671.1,99.415,342,2,0,10,351,1,342,0.0,702,99.42
sp|P18417|STSY_CATRO,6ZEA_A,100.000,321,0,0,32,352,1,321,0.0,667,100.00
sp|P18417|STSY_CATRO,P68175.1,78.977,352,65,3,1,352,1,343,0.0,562,89.20
sp|P18417|STSY_CATRO,2FP8_A,82.209,326,53,2,27,352,1,321,0.0,559,91.72
sp|P18417|STSY_CATRO,8WKL_A,82.919,322,50,2,31,352,1,317,0.0,558,92.24
sp|P18417|STSY_CATRO,P68174.1,79.083,349,64,3,4,352,2,341,0.0,557,89.40
sp|P18417|STSY_CATRO,6N5V_A,82.812,320,50,2,33,352,1,315,0.0,554,92.19
sp|P18417|STSY_CATRO,2FPB_A,81.988,322,53,2,31,352,5,321,0.0,548,90.68
sp|P18417|STSY_CATRO,2V91_A,83.553,304,48,1,36,339,1,302,0.0,539,93.09
sp|P18417|STSY_CATRO,AEY82399.1,78.125,320,67,2,33,352,20,336,0.0,528,88.12
sp|P18417|STSY_CATRO,AEY82398.1,71.935,310,84,2,37,346,31,337,8.26e-171,486,87.42
sp|P18417|STSY_CATRO,YGO55951.1,55.398,352,145,4,1,352,1,340,4.03e-137,401,73.01
sp|P18417|STSY_CATRO,AXK92563.1,54.519,343,136,4,5,344,7,332,2.65e-134,394,73.76
sp|P18417|STSY_CATRO,USE06681.1,54.572,339,138,7,11,348,1,324,4.54e-126,373,72.27
sp|P18417|STSY_CATRO,KAL3524955.1,58.333,300,116,4,39,337,32,323,8.87e-126,372,76.33
sp|P18417|STSY_CATRO,WIE96235.1,54.885,348,137,8,3,348,2,331,1.30e-125,372,70.69
sp|P18417|STSY_CATRO,KAL3524956.1,58.000,300,117,4,39,337,32,323,2.32e-125,371,76.33
sp|P18417|STSY_CATRO,ABZ79473.1,54.885,348,137,8,3,348,2,331,3.33e-124,369,70.11
sp|P18417|STSY_CATRO,XKQ11353.1,57.333,300,119,4,39,337,32,323,1.39e-123,367,75.67
sp|P18417|STSY_CATRO,ADK91432.1,54.310,348,139,8,3,348,2,331,2.01e-122,364,69.83
sp|P18417|STSY_CATRO,6S5J_A,56.667,300,121,4,39,337,10,301,8.84e-121,359,75.00
sp|P18417|STSY_CATRO,BAB47180.1,56.667,300,121,4,39,337,32,323,1.24e-120,359,75.00
sp|P18417|STSY_CATRO,ACF21007.1,56.667,300,121,4,39,337,32,323,4.80e-120,358,74.33
sp|P18417|STSY_CATRO,KAL3509714.1,55.960,302,121,6,40,337,26,319,1.80e-117,351,74.17
sp|P18417|STSY_CATRO,USZ80136.1,54.369,309,128,6,32,337,29,327,2.43e-117,351,72.82
sp|P18417|STSY_CATRO,YDH27071.1,53.548,310,132,5,39,348,33,330,1.43e-115,346,71.94
sp|P18417|STSY_CATRO,AFB70990.1,59.615,260,96,4,65,322,1,253,1.59e-106,320,75.00
sp|P18417|STSY_CATRO,KAL3512344.1,42.368,321,173,3,9,329,5,313,1.17e-84,266,59.50
sp|P18417|STSY_CATRO,AEL97643.1,79.874,159,28,2,194,352,1,155,1.51e-84,260,88.05
sp|P18417|STSY_CATRO,KAM7471197.1,44.136,324,168,6,9,330,5,317,6.39e-84,265,60.19
sp|P18417|STSY_CATRO,KAM7502580.1,40.533,338,182,6,7,342,2,322,1.80e-83,263,58.88
sp|P18417|STSY_CATRO,KAM7479766.1,40.237,338,183,6,7,342,2,322,3.68e-83,263,59.17
sp|P18417|STSY_CATRO,KAM7497213.1,41.104,326,173,6,7,330,2,310,6.88e-83,262,61.35
sp|P18417|STSY_CATRO,KAM7497216.1,40.237,338,183,6,7,342,2,322,1.22e-82,261,58.28
sp|P18417|STSY_CATRO,KAM7479768.1,41.667,324,175,5,7,330,2,311,1.62e-82,261,60.80
sp|P18417|STSY_CATRO,KAM7502579.1,40.798,326,174,6,7,330,2,310,2.45e-82,261,61.04
sp|P18417|STSY_CATRO,XP_010663511.1,42.633,319,177,3,22,339,17,330,1.06e-81,259,59.25
sp|P18417|STSY_CATRO,XP_050238081.1,41.304,322,184,3,11,329,19,338,3.56e-81,259,59.63
sp|P18417|STSY_CATRO,KAM7471196.1,42.900,331,177,7,1,330,1,320,4.32e-81,258,60.42
sp|P18417|STSY_CATRO,KAJ4713290.1,43.522,301,160,4,40,337,26,319,1.57e-80,256,61.79
sp|P18417|STSY_CATRO,KAM7478334.1,41.590,327,173,7,5,330,8,317,2.13e-80,256,60.55
sp|P18417|STSY_CATRO,KAM7479765.1,41.745,321,171,4,10,330,16,320,2.20e-80,256,58.26
sp|P18417|STSY_CATRO,XP_059639506.1,39.583,336,190,5,11,337,1,332,3.43e-80,256,59.52
sp|P18417|STSY_CATRO,XP_027088110.1,39.755,327,187,3,10,336,8,324,5.38e-80,256,60.24
sp|P18417|STSY_CATRO,XP_071920386.1,39.755,327,187,3,10,336,8,324,6.13e-80,255,60.24
sp|P18417|STSY_CATRO,KAK2997344.1,40.356,337,184,6,1,336,1,321,8.04e-80,254,60.24
sp|P18417|STSY_CATRO,XP_027183854.1,39.450,327,188,3,10,336,4,320,1.25e-79,254,60.24
sp|P18417|STSY_CATRO,XP_038688092.1,42.073,328,181,4,12,337,26,346,1.31e-79,254,59.45
sp|P18417|STSY_CATRO,KAL3512343.1,42.561,289,161,3,43,330,30,314,1.47e-79,254,63.67
sp|U5HKE8|C71DZ_CATRO,U5HKE8.1,100.000,512,0,0,1,512,1,512,0.0,1060,100.00
sp|U5HKE8|C71DZ_CATRO,KAI5660806.1,99.414,512,3,0,1,512,1,512,0.0,1056,99.80
sp|U5HKE8|C71DZ_CATRO,KAI5660807.1,90.430,512,49,0,1,512,1,512,0.0,926,93.75
sp|U5HKE8|C71DZ_CATRO,P98183.2,82.031,512,79,3,1,507,1,504,0.0,837,90.82
sp|U5HKE8|C71DZ_CATRO,CAB56503.1,82.435,501,75,3,12,507,1,493,0.0,824,91.42
sp|U5HKE8|C71DZ_CATRO,KAI5665014.1,64.844,512,169,4,1,509,1,504,0.0,673,80.08
sp|U5HKE8|C71DZ_CATRO,KAI5660805.1,61.765,510,183,5,1,509,5,503,0.0,661,78.63
sp|U5HKE8|C71DZ_CATRO,XDF89438.1,61.493,509,190,3,1,509,1,503,0.0,653,76.42
sp|U5HKE8|C71DZ_CATRO,XUJ55404.1,60.588,510,194,4,1,509,1,504,0.0,644,76.47
sp|U5HKE8|C71DZ_CATRO,XP_027061897.1,59.562,502,195,4,10,508,9,505,0.0,631,76.69
sp|U5HKE8|C71DZ_CATRO,A0A2Z5P2H9.1,59.332,509,202,2,1,509,1,504,0.0,629,74.85
sp|U5HKE8|C71DZ_CATRO,XP_071906309.1,59.245,503,196,5,10,508,9,506,0.0,629,76.74
sp|U5HKE8|C71DZ_CATRO,XP_027127449.2,57.812,512,208,5,1,509,1,507,0.0,628,77.34
sp|U5HKE8|C71DZ_CATRO,XP_027183678.1,57.812,512,208,5,1,509,1,507,0.0,627,77.34
sp|U5HKE8|C71DZ_CATRO,XP_027063416.2,57.534,511,209,5,1,508,1,506,0.0,627,77.50
sp|U5HKE8|C71DZ_CATRO,XP_027185027.1,59.363,502,196,4,10,508,9,505,0.0,627,76.49
sp|U5HKE8|C71DZ_CATRO,XP_027183679.1,57.617,512,209,5,1,509,1,507,0.0,626,77.15
sp|U5HKE8|C71DZ_CATRO,KAL3509419.1,59.486,506,197,5,7,509,6,506,0.0,619,76.48
sp|U5HKE8|C71DZ_CATRO,KAI5660811.1,58.400,500,192,3,10,509,9,492,0.0,613,76.60
sp|U5HKE8|C71DZ_CATRO,XP_031278227.1,58.121,511,203,5,1,506,528,1032,0.0,612,75.34
sp|U5HKE8|C71DZ_CATRO,XP_031278227.1,56.639,482,204,3,31,512,36,512,0.0,573,73.86
sp|U5HKE8|C71DZ_CATRO,A0A343URW6.1,59.020,510,197,5,4,509,3,504,0.0,612,75.29
sp|U5HKE8|C71DZ_CATRO,XP_027115698.1,58.366,514,208,4,1,512,1,510,0.0,608,78.21
sp|U5HKE8|C71DZ_CATRO,XP_027183307.1,57.692,494,202,3,17,508,16,504,0.0,607,76.52
sp|U5HKE8|C71DZ_CATRO,KAL3503596.1,57.769,502,204,4,10,509,9,504,0.0,604,75.90
sp|U5HKE8|C71DZ_CATRO,XP_027170055.1,57.490,494,203,3,17,508,16,504,0.0,604,76.92
sp|U5HKE8|C71DZ_CATRO,XP_027185714.1,57.490,494,203,3,17,508,16,504,0.0,603,76.92
sp|U5HKE8|C71DZ_CATRO,XP_027166633.1,57.393,514,213,4,1,512,1,510,0.0,603,77.43
sp|U5HKE8|C71DZ_CATRO,XP_027120747.1,57.393,514,213,4,1,512,1,510,0.0,603,77.63
sp|U5HKE8|C71DZ_CATRO,CDP10868.1,57.393,514,213,4,1,512,1,510,0.0,603,77.24
sp|U5HKE8|C71DZ_CATRO,KAL3503594.1,57.916,499,202,4,10,506,9,501,0.0,602,75.95
sp|U5HKE8|C71DZ_CATRO,CAK9155047.1,57.312,506,207,6,7,509,10,509,0.0,601,75.49
sp|U5HKE8|C71DZ_CATRO,KAI8010944.1,58.052,503,202,5,9,508,29,525,0.0,601,74.35
sp|U5HKE8|C71DZ_CATRO,XP_027084371.1,57.287,494,204,3,17,508,16,504,0.0,601,76.52
sp|U5HKE8|C71DZ_CATRO,XP_027063807.1,57.085,494,205,3,17,508,16,504,0.0,600,76.72
sp|U5HKE8|C71DZ_CATRO,KAI5660685.1,58.743,509,198,6,1,509,1,497,0.0,599,74.66
sp|U5HKE8|C71DZ_CATRO,XP_027061101.1,57.085,494,205,3,17,508,16,504,0.0,598,76.32
sp|U5HKE8|C71DZ_CATRO,KAL7217797.1,58.250,503,201,5,9,508,12,508,0.0,598,73.76
sp|U5HKE8|C71DZ_CATRO,CDP17724.1,57.085,494,205,3,17,508,16,504,0.0,597,76.32
sp|U5HKE8|C71DZ_CATRO,CAL5392569.1,57.654,503,204,5,9,508,29,525,0.0,597,73.96
sp|U5HKE8|C71DZ_CATRO,GMP52207.1,57.455,503,205,5,9,508,29,525,0.0,595,73.76
sp|U5HKE8|C71DZ_CATRO,XP_071904372.1,55.378,502,215,4,10,508,9,504,0.0,594,75.90
sp|U5HKE8|C71DZ_CATRO,THG16343.1,57.256,503,206,5,9,508,29,525,0.0,594,73.76
sp|U5HKE8|C71DZ_CATRO,XOK36673.1,58.468,496,199,3,17,509,16,507,0.0,593,76.21
sp|U5HKE8|C71DZ_CATRO,XP_027061898.1,55.466,494,214,4,17,508,35,524,0.0,593,76.72
sp|U5HKE8|C71DZ_CATRO,XP_027062512.1,55.668,494,213,4,17,508,35,524,0.0,593,76.32
sp|U5HKE8|C71DZ_CATRO,CAK9155048.1,58.557,485,195,4,25,509,41,519,0.0,592,75.46
sp|U5HKE8|C71DZ_CATRO,XP_028065313.2,56.859,503,208,5,9,508,29,525,0.0,592,73.76
sp|U5HKE8|C71DZ_CATRO,XP_027170054.1,56.224,482,207,3,27,508,28,505,0.0,591,77.39
sp|U5HKE8|C71DZ_CATRO,XP_027127107.1,56.707,492,206,3,17,508,16,500,0.0,590,74.80
sp|U5HKE8|C71DZ_CATRO,KAL4618706.1,57.317,492,204,4,18,509,20,505,0.0,590,75.81
sp|I1TEM1|T3O_CATRO,I1TEM1.1,100.000,506,0,0,1,506,1,506,0.0,1048,100.00
sp|I1TEM1|T3O_CATRO,CQR79400.1,97.431,506,13,0,1,506,1,506,0.0,1025,98.81
sp|I1TEM1|T3O_CATRO,KAI5650222.1,79.093,507,102,3,1,505,1,505,0.0,836,89.35
sp|I1TEM1|T3O_CATRO,P0DO22.1,80.290,482,92,2,26,505,25,505,0.0,812,90.46
sp|I1TEM1|T3O_CATRO,YCQ69669.1,69.565,506,144,5,1,502,3,502,0.0,708,83.60
sp|I1TEM1|T3O_CATRO,XP_027067856.1,55.556,495,210,6,16,505,14,503,0.0,565,73.74
sp|I1TEM1|T3O_CATRO,XDF89439.1,56.184,477,202,4,31,505,31,502,0.0,564,75.05
sp|I1TEM1|T3O_CATRO,KAL3529971.1,56.875,480,197,6,31,505,33,507,0.0,562,74.17
sp|I1TEM1|T3O_CATRO,XP_027170794.1,55.556,495,210,6,16,505,14,503,0.0,562,73.33
sp|I1TEM1|T3O_CATRO,KAL2525457.1,56.900,471,196,3,37,505,39,504,0.0,561,74.31
sp|I1TEM1|T3O_CATRO,KAK4435786.1,56.144,472,199,4,37,505,37,503,0.0,561,75.85
sp|I1TEM1|T3O_CATRO,XLZ13771.1,56.184,477,202,4,31,505,31,502,0.0,561,74.84
sp|I1TEM1|T3O_CATRO,CAA3006604.1,56.723,476,199,3,32,505,33,503,0.0,560,74.58
sp|I1TEM1|T3O_CATRO,KAL2525483.1,53.150,508,226,5,1,505,6,504,0.0,560,72.44
sp|I1TEM1|T3O_CATRO,KAK4435787.1,55.626,471,202,3,37,505,37,502,0.0,560,76.22
sp|I1TEM1|T3O_CATRO,KAL2548329.1,52.860,507,229,5,1,505,6,504,0.0,559,72.58
sp|I1TEM1|T3O_CATRO,KAK4573502.1,55.967,486,205,5,25,506,24,504,0.0,558,74.07
sp|I1TEM1|T3O_CATRO,KAL2548214.1,52.860,507,229,5,1,505,6,504,0.0,558,71.99
sp|I1TEM1|T3O_CATRO,KAL2548306.1,53.057,507,228,5,1,505,6,504,0.0,558,72.39
sp|I1TEM1|T3O_CATRO,XP_022856084.1,56.513,476,200,3,32,505,33,503,0.0,558,74.37
sp|I1TEM1|T3O_CATRO,KAK7855284.1,55.556,486,207,5,25,506,89,569,0.0,557,73.87
sp|I1TEM1|T3O_CATRO,KAK7855284.1,47.368,76,40,0,33,108,9,84,8.09e-08,64.3,59.21
sp|I1TEM1|T3O_CATRO,XP_023905960.2,55.556,486,207,5,25,506,24,504,0.0,557,73.87
sp|I1TEM1|T3O_CATRO,KAI5669459.1,55.717,481,206,4,27,505,28,503,0.0,557,74.22
sp|I1TEM1|T3O_CATRO,CAA2986827.1,56.303,476,201,3,32,505,33,503,0.0,556,73.95
sp|I1TEM1|T3O_CATRO,KAI3468318.1,55.957,470,195,4,38,505,38,497,0.0,556,75.32
sp|I1TEM1|T3O_CATRO,KAK9993082.1,55.372,484,207,5,27,506,39,517,0.0,555,74.17
sp|I1TEM1|T3O_CATRO,ACD42776.1,55.509,481,207,4,27,505,28,503,0.0,555,74.01
sp|I1TEM1|T3O_CATRO,XP_030933655.1,54.938,486,210,5,25,506,24,504,0.0,554,73.87
sp|I1TEM1|T3O_CATRO,XP_062160324.1,55.975,477,199,5,33,506,29,497,0.0,554,73.79
sp|I1TEM1|T3O_CATRO,KAL2517591.1,54.237,472,209,3,37,506,37,503,0.0,553,75.85
sp|I1TEM1|T3O_CATRO,AAO32822.1,55.301,481,208,4,27,505,16,491,0.0,553,74.01
sp|I1TEM1|T3O_CATRO,XP_027182740.1,54.762,504,217,6,8,505,4,502,0.0,553,72.82
sp|I1TEM1|T3O_CATRO,XP_027080461.1,54.960,504,216,6,8,505,4,502,0.0,552,72.62
sp|I1TEM1|T3O_CATRO,CAA2966524.1,52.652,509,229,6,1,505,1,501,0.0,551,72.30
sp|I1TEM1|T3O_CATRO,KAH7849083.1,55.021,478,207,4,30,505,18,489,0.0,551,74.27
sp|I1TEM1|T3O_CATRO,KAL2548246.1,56.051,471,200,3,37,505,39,504,0.0,551,73.46
sp|I1TEM1|T3O_CATRO,KAI5669456.1,55.741,479,203,5,31,505,30,503,0.0,551,73.90
sp|I1TEM1|T3O_CATRO,KAL2517573.1,54.025,472,210,3,37,506,37,503,0.0,551,75.64
sp|I1TEM1|T3O_CATRO,KAM3731377.1,55.533,488,204,7,25,506,24,504,0.0,551,73.36
sp|I1TEM1|T3O_CATRO,XP_027182738.1,54.563,504,218,6,8,505,4,502,0.0,551,72.62
sp|I1TEM1|T3O_CATRO,KAI3468346.1,55.202,471,199,4,37,505,37,497,0.0,550,74.95
sp|I1TEM1|T3O_CATRO,XP_071925432.1,55.138,506,210,7,12,505,6,506,0.0,550,72.33
sp|I1TEM1|T3O_CATRO,XP_027070717.2,54.234,496,214,8,16,503,11,501,0.0,550,73.39
sp|I1TEM1|T3O_CATRO,XP_022863012.1,52.652,509,229,6,1,505,1,501,0.0,549,71.91
sp|I1TEM1|T3O_CATRO,KAI3468347.1,52.684,503,223,5,8,505,17,509,0.0,549,72.76
sp|I1TEM1|T3O_CATRO,XP_050252286.1,54.938,486,210,5,25,506,24,504,0.0,549,73.66
sp|I1TEM1|T3O_CATRO,KAK2968207.1,54.274,503,218,6,8,506,22,516,0.0,548,70.78
sp|I1TEM1|T3O_CATRO,KAK2977178.1,56.813,477,197,5,32,504,43,514,0.0,548,72.54
sp|I1TEM1|T3O_CATRO,KAK3033177.1,54.762,504,214,7,8,505,6,501,0.0,548,70.83
sp|I1TEM1|T3O_CATRO,BAN58140.1,55.649,478,203,5,31,505,26,497,0.0,548,72.38
sp|A0A161CAI1|T3R_CATRO,A0A161CAI1.1,100.000,356,0,0,1,356,1,356,0.0,727,100.00
sp|A0A161CAI1|T3R_CATRO,AKM12281.1,99.716,352,1,0,5,356,1,352,0.0,717,99.72
sp|A0A161CAI1|T3R_CATRO,KAI5666878.1,76.301,346,82,0,10,355,12,357,0.0,548,90.17
sp|A0A161CAI1|T3R_CATRO,KAI5666894.1,76.301,346,82,0,10,355,12,357,0.0,548,89.88
sp|A0A161CAI1|T3R_CATRO,KAI5666869.1,76.012,346,83,0,10,355,12,357,0.0,545,89.31
sp|A0A161CAI1|T3R_CATRO,KAI5666879.1,73.699,346,80,1,10,355,12,346,0.0,521,87.86
sp|A0A161CAI1|T3R_CATRO,WPM01482.1,66.482,361,114,2,1,355,1,360,6.77e-174,495,80.33
sp|A0A161CAI1|T3R_CATRO,KAI5672516.1,66.474,346,115,1,10,355,12,356,4.88e-172,490,82.37
sp|A0A161CAI1|T3R_CATRO,AKF02528.1,68.156,358,102,2,5,355,3,355,1.59e-169,484,80.73
sp|A0A161CAI1|T3R_CATRO,5FI3_A,68.156,358,102,2,5,355,4,356,2.42e-169,483,80.73
sp|A0A161CAI1|T3R_CATRO,WKU61922.1,67.919,346,110,1,10,355,12,356,7.30e-169,482,82.08
sp|A0A161CAI1|T3R_CATRO,WPM01480.1,68.208,346,109,1,10,355,12,356,1.12e-168,481,81.79
sp|A0A161CAI1|T3R_CATRO,KAI5669985.1,67.598,358,104,2,5,355,3,355,1.27e-167,479,80.17
sp|A0A161CAI1|T3R_CATRO,KAI5666901.1,65.029,346,93,3,10,355,12,329,1.44e-161,462,79.19
sp|A0A161CAI1|T3R_CATRO,ANQ45225.1,65.922,358,115,2,5,356,1,357,2.97e-161,463,79.05
sp|A0A161CAI1|T3R_CATRO,ANQ45224.1,66.201,358,114,2,5,356,1,357,1.09e-160,461,79.33
sp|A0A161CAI1|T3R_CATRO,5H83_A,66.571,347,115,1,10,356,13,358,2.89e-160,460,80.12
sp|A0A161CAI1|T3R_CATRO,WJM00679.1,62.396,359,125,3,5,353,1,359,3.02e-160,460,76.88
sp|A0A161CAI1|T3R_CATRO,KAI5669914.1,66.379,348,116,1,9,356,16,362,3.02e-159,458,80.46
sp|A0A161CAI1|T3R_CATRO,WPM01477.1,64.183,349,124,1,7,355,40,387,3.39e-159,459,78.51
sp|A0A161CAI1|T3R_CATRO,WPM01478.1,63.873,346,124,1,10,355,12,356,1.24e-157,454,78.32
sp|A0A161CAI1|T3R_CATRO,XP_051127384.1,58.543,357,145,1,1,354,1,357,1.53e-153,443,75.35
sp|A0A161CAI1|T3R_CATRO,XP_042025790.1,60.920,348,133,1,10,354,11,358,1.11e-151,439,77.30
sp|A0A161CAI1|T3R_CATRO,VFQ99671.1,58.824,357,140,2,5,355,1,356,5.02e-147,427,77.59
sp|A0A161CAI1|T3R_CATRO,AHK06497.1,61.538,351,126,2,10,354,11,358,5.51e-147,427,77.78
sp|A0A161CAI1|T3R_CATRO,KAM7523848.1,61.318,349,132,1,10,355,11,359,1.06e-146,426,76.79
sp|A0A161CAI1|T3R_CATRO,MIH5255354.1,58.807,352,142,1,7,355,2,353,1.35e-146,426,76.99
sp|A0A161CAI1|T3R_CATRO,VFQ88114.1,59.538,346,139,1,10,355,12,356,2.22e-146,425,78.90
sp|A0A161CAI1|T3R_CATRO,WPM01484.1,62.500,352,123,2,10,355,11,359,3.31e-146,425,76.70
sp|A0A161CAI1|T3R_CATRO,KAI3462151.1,60.724,359,132,2,3,355,4,359,5.12e-146,424,76.04
sp|A0A161CAI1|T3R_CATRO,XP_011097456.1,61.605,349,131,1,10,355,11,359,5.59e-146,424,77.08
sp|A0A161CAI1|T3R_CATRO,KAL3625110.1,60.172,349,136,1,10,355,11,359,9.55e-146,424,77.36
sp|A0A161CAI1|T3R_CATRO,CAP0063242.1,60.057,348,136,1,10,354,11,358,1.99e-145,423,77.01
sp|A0A161CAI1|T3R_CATRO,RAL43631.1,58.960,346,141,1,9,354,3,347,2.55e-145,422,78.61
sp|A0A161CAI1|T3R_CATRO,CAA2969393.1,59.829,351,132,2,10,354,11,358,2.88e-145,422,77.21
sp|A0A161CAI1|T3R_CATRO,CAI9753221.1,58.939,358,138,2,3,354,4,358,3.21e-145,422,76.26
sp|A0A161CAI1|T3R_CATRO,XHC56414.1,61.932,352,125,2,10,355,11,359,3.35e-145,422,76.42
sp|A0A161CAI1|T3R_CATRO,AZB52815.1,61.159,345,131,1,10,351,11,355,3.56e-145,422,77.39
sp|A0A161CAI1|T3R_CATRO,CAA2969394.1,59.829,351,132,2,10,354,11,358,3.58e-145,422,77.21
sp|A0A161CAI1|T3R_CATRO,KAH6837513.1,61.080,352,128,2,10,355,11,359,3.58e-145,422,77.27
sp|A0A161CAI1|T3R_CATRO,CAO9954191.1,60.057,348,136,1,10,354,11,358,4.18e-145,422,76.72
sp|A0A161CAI1|T3R_CATRO,A0A0U4AHM6.1,61.932,352,125,2,10,355,11,359,4.55e-145,422,76.99
sp|A0A161CAI1|T3R_CATRO,VFQ88112.1,59.104,357,139,2,5,355,1,356,5.05e-145,422,76.19
sp|A0A161CAI1|T3R_CATRO,P0DXJ3.1,63.218,348,125,1,11,355,12,359,6.90e-145,421,77.59
sp|A0A161CAI1|T3R_CATRO,XHA77571.1,59.143,350,138,2,10,355,12,360,7.88e-145,421,76.57
sp|A0A161CAI1|T3R_CATRO,XP_022851765.1,59.829,351,132,2,10,354,11,358,9.26e-145,421,76.92
sp|A0A161CAI1|T3R_CATRO,KAL8514819.1,58.807,352,142,1,7,355,2,353,1.08e-144,421,76.70
sp|A0A161CAI1|T3R_CATRO,KAN8657924.1,61.605,349,131,1,10,355,11,359,1.18e-144,421,77.65
sp|A0A161CAI1|T3R_CATRO,KAH6799415.1,61.080,352,128,2,10,355,11,359,1.39e-144,421,77.27
sp|A0A161CAI1|T3R_CATRO,KAK4490413.1,62.178,349,129,1,10,355,11,359,1.77e-144,420,76.50
sp|P17770|TDC_CATRO,P17770.1,100.000,500,0,0,1,500,1,500,0.0,1040,100.00
sp|P17770|TDC_CATRO,AYA72254.1,99.800,500,1,0,1,500,1,500,0.0,1039,99.80
sp|P17770|TDC_CATRO,6EEW_A,99.600,500,2,0,1,500,1,500,0.0,1036,99.60
sp|P17770|TDC_CATRO,WMM65729.1,88.800,500,55,1,1,500,1,499,0.0,928,94.80
sp|P17770|TDC_CATRO,ABP96805.1,88.600,500,56,1,1,500,1,499,0.0,904,94.20
sp|P17770|TDC_CATRO,AEY82397.1,88.446,502,55,3,1,500,1,501,0.0,889,93.23
sp|P17770|TDC_CATRO,AEY82396.1,86.200,500,68,1,1,500,1,499,0.0,884,92.60
sp|P17770|TDC_CATRO,AXK92562.1,76.938,503,113,2,1,500,1,503,0.0,809,88.47
sp|P17770|TDC_CATRO,XP_019263725.1,70.319,502,147,1,1,500,1,502,0.0,779,84.86
sp|P17770|TDC_CATRO,XP_009622485.1,69.920,502,149,1,1,500,1,502,0.0,773,84.66
sp|P17770|TDC_CATRO,XP_016465650.1,69.920,502,149,1,1,500,1,502,0.0,772,84.46
sp|P17770|TDC_CATRO,XKQ11358.1,71.657,501,140,1,1,499,1,501,0.0,769,86.23
sp|P17770|TDC_CATRO,XP_009760717.2,69.583,503,150,2,1,500,1,503,0.0,768,84.69
sp|P17770|TDC_CATRO,XP_027061199.2,69.781,503,149,2,1,500,1,503,0.0,766,85.09
sp|P17770|TDC_CATRO,KAL3509742.1,71.457,501,141,1,1,499,1,501,0.0,766,86.03
sp|P17770|TDC_CATRO,QLQ34389.1,71.627,504,138,2,1,499,1,504,0.0,765,85.71
sp|P17770|TDC_CATRO,KAK4368509.1,70.400,500,146,1,1,498,1,500,0.0,765,84.00
sp|P17770|TDC_CATRO,KAJ8568829.1,69.721,502,150,1,1,500,1,502,0.0,765,84.06
sp|P17770|TDC_CATRO,KAL3509537.1,69.384,503,151,2,1,500,1,503,0.0,765,84.69
sp|P17770|TDC_CATRO,XP_027061221.1,72.400,500,135,2,1,497,1,500,0.0,765,86.00
sp|P17770|TDC_CATRO,PHT76536.1,69.124,502,153,1,1,500,1,502,0.0,764,83.67
sp|P17770|TDC_CATRO,KAK4714279.1,68.725,502,155,1,1,500,1,502,0.0,764,84.66
sp|P17770|TDC_CATRO,XP_027172386.1,72.200,500,136,2,1,497,1,500,0.0,763,86.00
sp|P17770|TDC_CATRO,XP_071904882.1,69.583,503,150,2,1,500,28,530,0.0,763,84.69
sp|P17770|TDC_CATRO,XP_016580730.1,69.124,502,153,1,1,500,1,502,0.0,762,83.67
sp|P17770|TDC_CATRO,XP_027172752.1,69.384,503,151,2,1,500,1,503,0.0,762,84.49
sp|P17770|TDC_CATRO,KAM3395480.1,69.124,502,153,1,1,500,1,502,0.0,762,83.47
sp|P17770|TDC_CATRO,XP_027172662.1,69.384,503,151,2,1,500,1,503,0.0,762,84.69
sp|P17770|TDC_CATRO,KAF8411242.1,69.124,502,152,2,1,500,1,501,0.0,761,84.86
sp|P17770|TDC_CATRO,XP_015160638.1,68.725,502,155,1,1,500,1,502,0.0,761,83.67
sp|P17770|TDC_CATRO,KAM3301727.1,69.323,502,152,1,1,500,1,502,0.0,761,83.27
sp|P17770|TDC_CATRO,CDP11776.1,71.800,500,138,2,1,497,1,500,0.0,760,85.80
sp|P17770|TDC_CATRO,PHU12264.1,69.124,502,153,1,1,500,1,502,0.0,760,83.47
sp|P17770|TDC_CATRO,PHU12265.1,70.259,501,147,1,1,499,1,501,0.0,759,82.04
sp|P17770|TDC_CATRO,XP_027063707.1,71.600,500,139,2,1,497,1,500,0.0,759,85.80
sp|P17770|TDC_CATRO,PHT43311.1,70.060,501,148,1,1,499,1,501,0.0,759,82.04
sp|P17770|TDC_CATRO,KAK6785055.1,68.725,502,155,1,1,500,1,502,0.0,759,84.06
sp|P17770|TDC_CATRO,XP_059284124.1,68.725,502,155,1,1,500,1,502,0.0,759,83.27
sp|P17770|TDC_CATRO,XP_060189824.1,68.725,502,155,1,1,500,1,502,0.0,759,83.27
sp|P17770|TDC_CATRO,NP_001312016.1,69.721,502,150,1,1,500,1,502,0.0,758,82.07
sp|P17770|TDC_CATRO,KAN2019259.1,68.725,502,155,1,1,500,1,502,0.0,758,84.06
sp|P17770|TDC_CATRO,KAN2064893.1,68.327,502,157,1,1,500,51,552,0.0,758,83.67
sp|P17770|TDC_CATRO,TMW84277.1,68.526,502,156,1,1,500,1,502,0.0,758,84.66
sp|P17770|TDC_CATRO,KAM3301726.1,70.060,501,148,1,1,499,1,501,0.0,758,82.04
sp|P17770|TDC_CATRO,KAF3633288.1,69.522,502,151,1,1,500,1,502,0.0,758,82.07
sp|P17770|TDC_CATRO,KAO0575152.1,68.526,502,156,1,1,500,1,502,0.0,758,84.46
sp|P17770|TDC_CATRO,KAH0656272.1,68.526,502,156,1,1,500,1,502,0.0,758,83.86
sp|P17770|TDC_CATRO,PHT76535.1,69.522,502,151,1,1,500,1,502,0.0,757,82.07
sp|P17770|TDC_CATRO,KAM3395479.1,69.522,502,151,1,1,500,1,502,0.0,757,82.07
sp|P17770|TDC_CATRO,CAQ5420717.1,68.327,502,157,1,1,500,1,502,0.0,756,84.46
sp|A0A2P1GIW3|TS_CATRO,A0A2P1GIW3.1,100.000,320,0,0,1,320,1,320,0.0,662,100.00
sp|A0A2P1GIW3|TS_CATRO,6RS4_A,100.000,319,0,0,2,320,3,321,0.0,659,100.00
sp|A0A2P1GIW3|TS_CATRO,WRU92878.1,86.646,322,39,3,1,320,1,320,0.0,572,91.61
sp|A0A2P1GIW3|TS_CATRO,A0A2P1GIY2.1,82.972,323,50,3,1,320,1,321,0.0,555,91.02
sp|A0A2P1GIW3|TS_CATRO,AYE56105.1,83.962,318,48,3,3,319,7,322,0.0,550,90.25
sp|A0A2P1GIW3|TS_CATRO,A0A5B8X6S2.1,82.704,318,52,3,3,319,7,322,0.0,548,91.19
sp|A0A2P1GIW3|TS_CATRO,AYE56104.1,83.596,317,49,3,4,319,8,322,0.0,547,90.54
sp|A0A2P1GIW3|TS_CATRO,WRU92893.1,82.704,318,52,3,3,319,7,322,0.0,547,90.57
sp|A0A2P1GIW3|TS_CATRO,KAI5675335.1,81.620,321,54,3,3,320,7,325,0.0,546,90.65
sp|A0A2P1GIW3|TS_CATRO,WRU92877.1,81.308,321,55,3,3,320,7,325,0.0,546,90.97
sp|A0A2P1GIW3|TS_CATRO,WRU92890.1,83.019,318,51,3,3,319,7,322,0.0,546,90.88
sp|A0A2P1GIW3|TS_CATRO,AYE56107.1,83.699,319,47,4,2,319,6,320,0.0,544,90.91
sp|A0A2P1GIW3|TS_CATRO,WRU92868.1,83.386,319,48,4,2,319,6,320,0.0,542,90.60
sp|A0A2P1GIW3|TS_CATRO,WRU92884.1,81.761,318,55,3,3,319,7,322,0.0,536,90.25
sp|A0A2P1GIW3|TS_CATRO,AYE56108.1,79.624,319,62,3,3,320,7,323,0.0,532,89.97
sp|A0A2P1GIW3|TS_CATRO,A0A2P1GIY1.1,81.538,325,44,5,1,320,1,314,0.0,531,86.77
sp|A0A2P1GIW3|TS_CATRO,KAI5675338.1,78.193,321,58,4,3,320,7,318,0.0,518,87.85
sp|A0A2P1GIW3|TS_CATRO,WRU92876.1,78.395,324,61,4,3,320,7,327,0.0,517,87.04
sp|A0A2P1GIW3|TS_CATRO,A0A2P1GIW2.1,78.395,324,61,4,3,320,8,328,0.0,516,87.04
sp|A0A2P1GIW3|TS_CATRO,KAI5664999.1,78.638,323,60,4,4,320,9,328,0.0,516,87.31
sp|A0A2P1GIW3|TS_CATRO,6RT8_A,78.395,324,61,4,3,320,8,328,0.0,516,87.04
sp|A0A2P1GIW3|TS_CATRO,A0A5B8X6B5.1,74.295,319,79,3,2,319,6,322,3.16e-174,493,85.27
sp|A0A2P1GIW3|TS_CATRO,6RJ8_A,74.528,318,78,3,3,319,8,323,3.82e-174,493,85.53
sp|A0A2P1GIW3|TS_CATRO,WRU92894.1,75.786,318,74,3,3,319,7,322,7.61e-170,482,87.11
sp|A0A2P1GIW3|TS_CATRO,WRU92885.1,73.041,319,82,4,2,319,6,321,7.16e-169,479,84.64
sp|A0A2P1GIW3|TS_CATRO,WRU92896.1,74.922,319,77,3,2,319,6,322,8.94e-169,479,86.21
sp|A0A2P1GIW3|TS_CATRO,WRU92895.1,69.062,320,95,4,2,320,6,322,7.19e-157,449,80.00
sp|A0A2P1GIW3|TS_CATRO,WRU92902.1,68.868,318,95,4,4,320,8,322,2.35e-156,447,80.82
sp|A0A2P1GIW3|TS_CATRO,WRU92897.1,68.438,320,97,4,2,320,6,322,2.33e-154,442,79.69
sp|A0A2P1GIW3|TS_CATRO,WRU92886.1,57.716,324,126,5,3,320,2,320,6.33e-130,380,74.38
sp|A0A2P1GIW3|TS_CATRO,WRU92869.1,58.025,324,124,6,3,320,2,319,3.39e-127,374,74.07
sp|A0A2P1GIW3|TS_CATRO,WRU92903.1,57.099,324,128,6,3,320,2,320,4.46e-127,373,72.84
sp|A0A2P1GIW3|TS_CATRO,WRU92898.1,56.790,324,129,6,3,320,2,320,7.06e-127,373,73.77
sp|A0A2P1GIW3|TS_CATRO,KAI5675683.1,56.442,326,131,5,1,320,1,321,3.02e-126,371,72.39
sp|A0A2P1GIW3|TS_CATRO,AYE56106.1,56.790,324,129,6,3,320,48,366,3.39e-126,373,73.77
sp|A0A2P1GIW3|TS_CATRO,WRU92892.1,56.615,325,129,6,3,320,2,321,3.65e-125,368,72.92
sp|A0A2P1GIW3|TS_CATRO,WRU92891.1,57.407,324,126,6,3,320,2,319,2.90e-124,366,73.15
sp|A0A2P1GIW3|TS_CATRO,WRU92908.1,56.575,327,128,6,3,320,2,323,1.91e-122,362,70.95
sp|A0A2P1GIW3|TS_CATRO,WRU92870.1,53.894,321,136,8,3,319,4,316,2.75e-114,340,73.21
sp|A0A2P1GIW3|TS_CATRO,WRU92899.1,54.489,323,134,8,3,320,5,319,3.04e-113,338,69.97
sp|A0A2P1GIW3|TS_CATRO,WRU92882.1,55.000,320,133,6,4,320,5,316,3.34e-113,338,70.62
sp|A0A2P1GIW3|TS_CATRO,XP_027164246.1,53.750,320,137,6,4,320,6,317,9.22e-113,337,71.56
sp|A0A2P1GIW3|TS_CATRO,WRU92871.1,55.140,321,129,6,3,320,4,312,2.95e-112,335,68.54
sp|A0A2P1GIW3|TS_CATRO,XP_027116251.1,54.062,320,136,6,4,320,6,317,3.73e-111,333,70.62
sp|A0A2P1GIW3|TS_CATRO,WRU92904.1,53.251,323,138,8,3,320,5,319,5.06e-111,332,70.28
sp|A0A2P1GIW3|TS_CATRO,XP_027121267.2,52.923,325,140,7,1,320,1,317,7.57e-111,332,70.77
sp|A0A2P1GIW3|TS_CATRO,KAL3507920.1,53.231,325,143,6,1,320,1,321,5.47e-110,330,68.92
sp|A0A2P1GIW3|TS_CATRO,WRU92887.1,52.941,323,139,8,3,320,5,319,2.68e-109,328,69.35
sp|A0A2P1GIW3|TS_CATRO,WRU92888.1,52.648,321,136,6,3,320,4,311,1.45e-108,326,69.16
sp|A0A2P1GIW3|TS_CATRO,KAL3507921.1,52.923,325,144,6,1,320,1,321,2.09e-108,326,68.62


