qseqid,sseqid,pident,length,mismatch,gapopen,qstart,qend,sstart,send,evalue,bitscore,qcovs,organism
ABR20103.1,QBY35563.1,70.278,360,100,6,1,355,1,358,2.3899999999999996e-180,511.0,82.22,Vinca minor
ABR20103.1,XIT78073.1,64.365,362,117,6,1,355,3,359,4.66e-157,452.0,75.69,Tabernaemontana elegans
ABR20103.1,XUJ55405.1,64.365,362,117,6,1,355,3,359,1.33e-156,451.0,75.41,Tabernaemontana elegans
ABR20103.1,XIT78072.1,63.812,362,119,6,1,355,3,359,9.23e-156,449.0,75.41,Tabernaemontana elegans
ABR20103.1,XIT78074.1,63.812,362,119,6,1,355,3,359,8.14e-152,439.0,74.31,Tabernaemontana elegans
ABR20103.1,KAI7980043.1,59.331,359,137,5,1,355,5,358,1.74e-145,423.0,73.26,Camellia lanceoleosa
ABR20103.1,KAL7215887.1,58.774,359,139,5,1,355,5,358,2.8600000000000005e-144,420.0,72.98,Camellia fascicularis
ABR20103.1,AXK92565.1,58.989,356,137,5,4,355,6,356,4.81e-144,419.0,74.16,Gelsemium sempervirens
ABR20103.1,KAI8008204.1,58.774,359,139,5,1,355,5,358,1.72e-143,418.0,73.26,Camellia lanceoleosa
ABR20103.1,GMP67410.1,58.774,359,139,5,1,355,5,358,2.07e-143,417.0,72.42,Camellia sinensis var. sinensis
ABR20103.1,KAI7980042.1,58.939,358,139,5,1,355,5,357,3.68e-143,417.0,73.18,Camellia lanceoleosa
ABR20103.1,AXF35975.1,62.674,359,123,7,3,355,3,356,4.23e-143,417.0,76.6,Tabernanthe iboga
ABR20103.1,A0A2Z5P0W7.2,62.674,359,123,7,3,355,1,354,5.48e-143,416.0,76.6,Tabernanthe iboga
ABR20103.1,KAI8008205.1,58.939,358,139,5,1,355,5,357,9.73e-143,416.0,72.91,Camellia lanceoleosa
ABR20103.1,XP_028119738.2,58.496,359,140,5,1,355,5,358,1.38e-142,416.0,72.42,Camellia sinensis
ABR20103.1,XP_027061110.1,57.835,351,135,5,7,355,45,384,8.58e-142,414.0,74.36,Coffea arabica
ABR20103.1,CDP15886.1,58.12,351,134,5,7,355,9,348,1.14e-141,413.0,73.79,Coffea canephora
ABR20103.1,XP_027173032.1,57.55,351,136,5,7,355,9,348,2.15e-141,412.0,73.79,Coffea eugenioides
ABR20103.1,XP_027061142.1,57.835,351,135,5,7,355,9,348,3.72e-141,411.0,74.07,Coffea arabica
ABR20103.1,KAL3538437.1,57.224,353,139,5,5,355,7,349,4.84e-141,411.0,73.94,Cinchona calisaya
ABR20103.1,XP_027062010.1,57.835,351,135,5,7,355,9,348,5.69e-141,411.0,74.07,Coffea arabica
ABR20103.1,XP_027065046.1,58.12,351,134,5,7,355,9,348,7.24e-141,410.0,73.79,Coffea arabica
ABR20103.1,XP_027172158.1,57.835,351,135,5,7,355,45,384,1.26e-140,411.0,73.79,Coffea eugenioides
ABR20103.1,XP_027172147.1,57.835,351,135,5,7,355,45,384,1.8899999999999998e-140,411.0,73.79,Coffea eugenioides
ABR20103.1,XP_027171256.1,57.55,351,136,5,7,355,9,348,2.2299999999999997e-140,409.0,73.79,Coffea eugenioides
ABR20103.1,XP_027062011.1,58.571,350,132,5,7,354,9,347,4.49e-140,409.0,74.0,Coffea arabica
ABR20103.1,CDP19709.1,57.265,351,137,5,7,355,9,348,7.829999999999999e-140,408.0,73.79,Coffea canephora
ABR20103.1,XP_071904244.1,57.143,350,137,5,7,354,9,347,3.0699999999999998e-139,407.0,73.71,Coffea arabica
ABR20103.1,XP_027062348.1,57.265,351,137,5,7,355,9,348,5.7199999999999996e-139,406.0,73.5,Coffea arabica
ABR20103.1,KAL3509282.1,59.27,356,131,7,4,355,6,351,1.16e-138,405.0,73.31,Cinchona calisaya
ABR20103.1,KAI8558531.1,55.462,357,151,5,2,355,6,357,1.17e-137,403.0,73.67,Rhododendron molle
ABR20103.1,CAR6233909.1,56.303,357,148,5,2,355,7,358,1.41e-137,403.0,73.67,Salix hastata
ABR20103.1,XP_027172146.1,57.353,340,133,4,7,344,9,338,1.69e-137,402.0,74.12,Coffea eugenioides
ABR20103.1,KAL3509278.1,55.932,354,144,5,4,355,6,349,2.18e-137,402.0,73.16,Cinchona calisaya
ABR20103.1,KAA8526317.1,57.865,356,139,7,5,355,10,359,1.3e-136,400.0,73.6,Nyssa sinensis
ABR20103.1,XP_058210860.1,54.902,357,153,5,2,355,6,357,1.5399999999999999e-136,400.0,73.39,Rhododendron vialii
ABR20103.1,KAG6737942.1,55.742,357,150,5,2,355,7,358,2.01e-136,400.0,71.71,Populus tomentosa
ABR20103.1,KAH7844778.1,54.902,357,153,5,2,355,6,357,2.1199999999999998e-136,400.0,73.11,Vaccinium darrowii
ABR20103.1,KAL7185435.1,59.053,359,138,5,1,355,5,358,3.14e-136,399.0,72.7,Camellia fascicularis
sp|U5NH37|7DLGT_CATRO,XHC56418.1,92.324,482,37,0,1,482,1,482,0.0,919.0,97.51,Ochrosia elliptica
sp|U5NH37|7DLGT_CATRO,AGX93068.1,92.116,482,38,0,1,482,1,482,0.0,917.0,97.3,Amsonia hubrichtii
sp|U5NH37|7DLGT_CATRO,AGX93069.1,92.531,482,36,0,1,482,1,482,0.0,912.0,96.89,Rauvolfia serpentina
sp|U5NH37|7DLGT_CATRO,AGX93071.1,88.382,482,56,0,1,482,1,482,0.0,912.0,95.64,Vinca minor
sp|U5NH37|7DLGT_CATRO,WIE96231.1,87.552,482,60,0,1,482,1,482,0.0,899.0,94.81,Mitragyna speciosa
sp|U5NH37|7DLGT_CATRO,AGX93070.1,90.456,482,46,0,1,482,1,482,0.0,896.0,95.64,Tabernaemontana elegans
sp|U5NH37|7DLGT_CATRO,XYA23381.1,84.823,481,73,0,1,481,1,481,0.0,875.0,93.14,Carapichea ipecacuanha
sp|U5NH37|7DLGT_CATRO,AGX93067.1,83.958,480,77,0,3,482,4,483,0.0,872.0,94.17,Cinchona calisaya
sp|U5NH37|7DLGT_CATRO,KAL3521160.1,83.958,480,77,0,3,482,4,483,0.0,872.0,94.17,Cinchona calisaya
sp|U5NH37|7DLGT_CATRO,CAI9091610.1,84.2,481,76,0,1,481,3,483,0.0,871.0,92.93,Oldenlandia corymbosa var. corymbosa
sp|U5NH37|7DLGT_CATRO,KAL2548758.1,82.573,482,84,0,1,482,1,482,0.0,852.0,92.12,Forsythia ovata
sp|U5NH37|7DLGT_CATRO,KAL2548807.1,82.573,482,84,0,1,482,43,524,0.0,851.0,92.32,Forsythia ovata
sp|U5NH37|7DLGT_CATRO,CAN8727478.1,81.913,481,85,1,1,481,1,479,0.0,847.0,91.89,Galium boreale
sp|U5NH37|7DLGT_CATRO,CAN8703582.1,81.705,481,86,1,1,481,1,479,0.0,846.0,91.89,Galium boreale
sp|U5NH37|7DLGT_CATRO,CAN8738110.1,81.705,481,86,1,1,481,1,479,0.0,846.0,91.89,Galium boreale
sp|U5NH37|7DLGT_CATRO,AKI87764.1,79.668,482,98,0,1,482,1,482,0.0,846.0,92.32,Gentiana crassa subsp. rigescens
sp|U5NH37|7DLGT_CATRO,KAK2975665.1,81.513,476,85,1,6,481,3,475,0.0,830.0,90.55,Escallonia rubra
sp|U5NH37|7DLGT_CATRO,KAK3031053.1,80.882,476,88,1,6,481,3,475,0.0,824.0,90.34,Escallonia herrerae
sp|U5NH37|7DLGT_CATRO,KAK3031054.1,80.973,473,87,1,9,481,6,475,0.0,820.0,90.49,Escallonia herrerae
sp|U5NH37|7DLGT_CATRO,KAL2548747.1,79.046,482,101,0,1,482,1,482,0.0,818.0,89.21,Forsythia ovata
sp|U5NH37|7DLGT_CATRO,XP_071934566.1,78.144,485,103,2,1,482,1,485,0.0,811.0,89.07,Coffea arabica
sp|U5NH37|7DLGT_CATRO,XP_027155763.1,77.938,485,104,2,1,482,1,485,0.0,810.0,88.87,Coffea eugenioides
sp|U5NH37|7DLGT_CATRO,AGX93066.1,75.665,489,112,1,1,482,1,489,0.0,809.0,89.57,Lonicera japonica
sp|U5NH37|7DLGT_CATRO,KAM7482486.1,75.82,488,112,1,1,482,1,488,0.0,809.0,89.75,Lonicera macranthoides
sp|U5NH37|7DLGT_CATRO,KAM7479166.1,75.82,488,112,1,1,482,1,488,0.0,808.0,89.75,Lonicera macranthoides
sp|U5NH37|7DLGT_CATRO,CAI9775661.1,77.755,481,106,1,1,480,1,481,0.0,806.0,89.4,Fraxinus pennsylvanica
sp|U5NH37|7DLGT_CATRO,ALV83447.1,77.339,481,109,0,1,481,5,485,0.0,804.0,88.57,Olea europaea subsp. europaea
sp|U5NH37|7DLGT_CATRO,KAL2525783.1,77.386,482,109,0,1,482,1,482,0.0,803.0,88.8,Abeliophyllum distichum
sp|U5NH37|7DLGT_CATRO,XP_022869718.1,76.398,483,113,1,1,482,1,483,0.0,802.0,89.65,Olea europaea var. sylvestris
sp|U5NH37|7DLGT_CATRO,XP_022855172.1,77.131,481,110,0,1,481,5,485,0.0,801.0,88.36,Olea europaea var. sylvestris
sp|U5NH37|7DLGT_CATRO,KAL2525782.1,77.178,482,110,0,1,482,1,482,0.0,799.0,87.97,Abeliophyllum distichum
sp|U5NH37|7DLGT_CATRO,XP_022855173.1,76.349,482,114,0,1,482,1,482,0.0,799.0,88.59,Olea europaea var. sylvestris
sp|U5NH37|7DLGT_CATRO,XP_027109740.2,76.907,485,109,2,1,482,4,488,0.0,798.0,88.25,Coffea arabica
sp|U5NH37|7DLGT_CATRO,CAA3017168.1,75.934,482,116,0,1,482,1,482,0.0,797.0,88.59,Olea europaea subsp. europaea
sp|U5NH37|7DLGT_CATRO,KAH7839427.1,75.468,481,115,1,4,481,5,485,0.0,795.0,88.77,Vaccinium darrowii
sp|U5NH37|7DLGT_CATRO,KAM7482485.1,73.77,488,122,1,1,482,1,488,0.0,791.0,88.32,Lonicera macranthoides
sp|U5NH37|7DLGT_CATRO,KAM7479165.1,73.566,488,123,1,1,482,1,488,0.0,790.0,88.32,Lonicera macranthoides
sp|U5NH37|7DLGT_CATRO,CAA3011328.1,75.776,483,116,1,1,482,1,483,0.0,789.0,88.61,Olea europaea subsp. europaea
sp|U5NH37|7DLGT_CATRO,KAA8539652.1,76.86,484,110,1,1,482,180,663,0.0,789.0,88.22,Nyssa sinensis
sp|U5NH37|7DLGT_CATRO,XP_022855174.1,75.311,482,119,0,1,482,1,482,0.0,787.0,87.76,Olea europaea var. sylvestris
sp|U5NH37|7DLGT_CATRO,KAL3523920.1,75.569,483,116,2,1,481,1,483,0.0,786.0,87.78,Cinchona calisaya
sp|U5NH37|7DLGT_CATRO,CAA3022364.1,75.519,482,118,0,1,482,1,482,0.0,783.0,87.34,Olea europaea subsp. europaea
sp|U5NH37|7DLGT_CATRO,CAI9772955.1,74.896,482,121,0,1,482,1,482,0.0,782.0,86.31,Fraxinus pennsylvanica
sp|U5NH37|7DLGT_CATRO,KAL3523921.1,75.0,484,119,2,1,482,1,484,0.0,782.0,86.36,Cinchona calisaya
sp|U5NH37|7DLGT_CATRO,CAI9772953.1,75.519,482,118,0,1,482,1,482,0.0,782.0,86.72,Fraxinus pennsylvanica
sp|U5NH37|7DLGT_CATRO,CAA3022363.1,75.726,482,117,0,1,482,5,486,0.0,781.0,86.72,Olea europaea subsp. europaea
sp|U5NH37|7DLGT_CATRO,XP_058181841.1,74.691,486,119,2,1,482,1,486,0.0,781.0,87.04,Rhododendron vialii
sp|U5NE19|7DLH_CATRO,AGX93059.1,92.322,521,39,1,1,521,1,520,0.0,1002.0,96.16,Rauvolfia serpentina
sp|U5NE19|7DLH_CATRO,XHC56419.1,91.171,521,44,1,1,521,1,519,0.0,999.0,96.55,Ochrosia elliptica
sp|U5NE19|7DLH_CATRO,AGX93058.1,90.541,518,47,1,4,521,3,518,0.0,992.0,96.33,Amsonia hubrichtii
sp|U5NE19|7DLH_CATRO,AGX93060.1,89.827,521,51,1,1,521,1,519,0.0,989.0,95.97,Tabernaemontana elegans
sp|U5NE19|7DLH_CATRO,AGX93061.1,90.038,522,49,2,1,521,1,520,0.0,982.0,95.59,Vinca minor
sp|U5NE19|7DLH_CATRO,AGX93057.1,88.1,521,60,1,1,521,1,519,0.0,976.0,95.01,Cinchona calisaya
sp|U5NE19|7DLH_CATRO,KAL3508818.1,87.908,521,61,1,1,521,1,519,0.0,974.0,95.01,Cinchona calisaya
sp|U5NE19|7DLH_CATRO,WIE96232.1,86.756,521,67,1,1,521,5,523,0.0,968.0,95.01,Mitragyna speciosa
sp|U5NE19|7DLH_CATRO,QWX38540.1,84.069,521,80,2,1,521,4,521,0.0,929.0,91.75,Ophiorrhiza pumila
sp|U5NE19|7DLH_CATRO,XYA23382.1,82.342,521,89,2,1,521,1,518,0.0,908.0,90.98,Carapichea ipecacuanha
sp|U5NE19|7DLH_CATRO,CAI9088915.1,80.077,517,101,1,5,521,6,520,0.0,885.0,90.33,Oldenlandia corymbosa var. corymbosa
sp|U5NE19|7DLH_CATRO,QNS30009.1,79.271,521,106,1,1,521,1,519,0.0,884.0,89.83,Nothapodytes nimmoniana
sp|U5NE19|7DLH_CATRO,QBM10924.1,79.764,509,98,2,13,521,14,517,0.0,873.0,90.18,Swertia mussotii
sp|U5NE19|7DLH_CATRO,BBI55003.1,79.175,509,101,2,13,521,14,517,0.0,865.0,89.78,Swertia japonica
sp|U5NE19|7DLH_CATRO,AKI87771.1,76.967,521,112,2,1,521,1,513,0.0,856.0,88.48,Gentiana crassa subsp. rigescens
sp|U5NE19|7DLH_CATRO,ALJ10970.1,76.967,521,112,2,1,521,1,513,0.0,855.0,88.29,Gentiana crassa subsp. rigescens
sp|U5NE19|7DLH_CATRO,AKI87763.1,76.967,521,112,2,1,521,1,513,0.0,855.0,88.29,Gentiana crassa subsp. rigescens
sp|U5NE19|7DLH_CATRO,CAN8777553.1,76.392,521,120,2,1,521,1,518,0.0,852.0,87.91,Galium boreale
sp|U5NE19|7DLH_CATRO,CAN8800300.1,76.583,521,119,2,1,521,1,518,0.0,851.0,87.72,Galium boreale
sp|U5NE19|7DLH_CATRO,CAN8781707.1,76.392,521,120,2,1,521,1,518,0.0,850.0,87.72,Galium boreale
sp|U5NE19|7DLH_CATRO,AGX93056.1,76.367,512,116,4,11,521,12,519,0.0,830.0,89.06,Lonicera japonica
sp|U5NE19|7DLH_CATRO,KAM7498549.1,76.367,512,116,4,11,521,15,522,0.0,829.0,88.87,Lonicera macranthoides
sp|U5NE19|7DLH_CATRO,KAM7503867.1,76.367,512,116,4,11,521,15,522,0.0,828.0,88.87,Lonicera macranthoides
sp|U5NE19|7DLH_CATRO,KAK3009358.1,72.937,521,138,2,1,521,7,524,0.0,798.0,84.84,Escallonia herrerae
sp|U5NE19|7DLH_CATRO,KAK3011388.1,72.553,521,140,2,1,521,1,518,0.0,795.0,84.45,Escallonia herrerae
sp|U5NE19|7DLH_CATRO,KAK2992117.1,72.361,521,141,2,1,521,7,524,0.0,793.0,84.64,Escallonia rubra
sp|U5NE19|7DLH_CATRO,AIL49061.1,73.704,521,131,4,1,520,5,520,0.0,788.0,83.49,Nothapodytes nimmoniana
sp|U5NE19|7DLH_CATRO,KAM7492486.1,68.582,522,161,3,1,521,3,522,0.0,770.0,84.1,Lonicera macranthoides
sp|U5NE19|7DLH_CATRO,KAK2992116.1,68.714,521,160,2,1,521,1,518,0.0,760.0,82.92,Escallonia rubra
sp|U5NE19|7DLH_CATRO,CAI9088913.1,67.625,522,164,3,1,521,3,520,0.0,757.0,81.61,Oldenlandia corymbosa var. corymbosa
sp|U5NE19|7DLH_CATRO,KAK3011389.1,68.834,523,156,3,1,521,1,518,0.0,752.0,81.84,Escallonia herrerae
sp|U5NE19|7DLH_CATRO,CAN8800302.1,66.092,522,172,3,1,521,3,520,0.0,744.0,81.42,Galium boreale
sp|U5NE19|7DLH_CATRO,XP_059650995.1,67.379,515,165,2,8,521,5,517,0.0,742.0,82.33,Cornus florida
sp|U5NE19|7DLH_CATRO,KAM7517455.1,67.113,523,168,4,1,521,3,523,0.0,741.0,82.22,Lonicera macranthoides
sp|U5NE19|7DLH_CATRO,XYA23390.1,65.891,516,173,2,7,521,10,523,0.0,741.0,82.36,Alangium salviifolium
sp|U5NE19|7DLH_CATRO,KAM7513623.1,67.113,523,168,4,1,521,3,523,0.0,741.0,82.22,Lonicera macranthoides
sp|U5NE19|7DLH_CATRO,CAN8781706.1,65.9,522,173,3,1,521,3,520,0.0,739.0,80.84,Galium boreale
sp|U5NE19|7DLH_CATRO,CAN8795004.1,65.517,522,175,3,1,521,3,520,0.0,735.0,80.84,Galium boreale
sp|U5NE19|7DLH_CATRO,CAN8777551.1,65.517,522,175,3,1,521,3,520,0.0,735.0,80.84,Galium boreale
sp|U5NE19|7DLH_CATRO,WMD26768.1,67.625,522,164,4,1,521,1,518,0.0,733.0,81.23,Camptotheca acuminata
sp|U5NE19|7DLH_CATRO,QOI02196.1,69.583,503,149,3,20,521,22,521,0.0,730.0,82.5,Camptotheca acuminata
sp|U5NE19|7DLH_CATRO,KAA8524065.1,68.199,522,162,3,1,521,3,521,0.0,729.0,81.42,Nyssa sinensis
sp|U5NE19|7DLH_CATRO,UNP59806.1,67.433,522,166,3,1,521,1,519,0.0,726.0,81.03,Camptotheca acuminata
sp|U5NE19|7DLH_CATRO,KAM7495357.1,68.182,506,158,2,16,521,19,521,0.0,721.0,84.19,Lonicera macranthoides
sp|U5NE19|7DLH_CATRO,KAM7492488.1,68.182,506,158,2,16,521,19,521,0.0,719.0,84.19,Lonicera macranthoides
sp|U5NE19|7DLH_CATRO,XP_027164185.1,64.479,518,180,2,4,521,5,518,0.0,719.0,81.85,Coffea eugenioides
sp|U5NE19|7DLH_CATRO,WZH35016.1,64.672,518,180,2,4,521,5,519,0.0,718.0,81.27,Gardenia jasminoides
sp|U5NE19|7DLH_CATRO,WRW51047.1,83.896,385,60,1,1,385,1,383,0.0,692.0,92.73,Uncaria rhynchophylla
sp|U5NE19|7DLH_CATRO,WZH35015.1,61.333,525,197,3,1,521,3,525,0.0,687.0,80.0,Gardenia jasminoides
sp|W8JWV8|8HGO_CATRO,XYA23379.1,87.302,378,45,1,1,378,1,375,0.0,676.0,93.39,Carapichea ipecacuanha
sp|W8JWV8|8HGO_CATRO,KAL3498419.1,85.714,378,51,1,1,378,1,375,0.0,674.0,93.39,Cinchona calisaya
sp|W8JWV8|8HGO_CATRO,CAI9093495.1,85.45,378,52,1,1,378,732,1106,0.0,673.0,91.8,Oldenlandia corymbosa var. corymbosa
sp|W8JWV8|8HGO_CATRO,XP_027181307.1,83.862,378,58,1,1,378,1,375,0.0,661.0,92.59,Coffea eugenioides
sp|W8JWV8|8HGO_CATRO,XP_027081898.1,83.862,378,58,1,1,378,1,375,0.0,661.0,92.59,Coffea arabica
sp|W8JWV8|8HGO_CATRO,AKI87769.1,84.392,378,57,1,1,378,1,376,0.0,658.0,91.27,Gentiana crassa subsp. rigescens
sp|W8JWV8|8HGO_CATRO,AKI87770.1,84.127,378,58,1,1,378,1,376,0.0,657.0,91.27,Gentiana crassa subsp. rigescens
sp|W8JWV8|8HGO_CATRO,AKI87768.1,83.862,378,59,1,1,378,1,376,0.0,652.0,90.74,Gentiana crassa subsp. rigescens
sp|W8JWV8|8HGO_CATRO,KAL2544851.1,81.746,378,66,1,1,378,1,375,0.0,649.0,91.53,Forsythia ovata
sp|W8JWV8|8HGO_CATRO,KAL2544805.1,81.481,378,67,1,1,378,1,375,0.0,647.0,91.53,Forsythia ovata
sp|W8JWV8|8HGO_CATRO,CAN8787414.1,82.804,378,62,1,1,378,1,375,0.0,645.0,89.95,Galium boreale
sp|W8JWV8|8HGO_CATRO,KAL2517700.1,82.162,370,66,0,9,378,6,375,0.0,645.0,92.16,Abeliophyllum distichum
sp|W8JWV8|8HGO_CATRO,KAL2517695.1,81.622,370,68,0,9,378,6,375,0.0,642.0,92.16,Abeliophyllum distichum
sp|W8JWV8|8HGO_CATRO,KAI3468234.1,80.533,375,73,0,4,378,2,376,0.0,637.0,91.2,Paulownia fortunei
sp|W8JWV8|8HGO_CATRO,KAG8375564.1,79.733,375,76,0,4,378,2,376,0.0,635.0,91.2,Buddleja alternifolia
sp|W8JWV8|8HGO_CATRO,PIN02265.1,79.467,375,77,0,4,378,2,376,0.0,635.0,91.47,Handroanthus impetiginosus
sp|W8JWV8|8HGO_CATRO,CAK9140387.1,80.159,378,72,1,1,378,1,375,0.0,634.0,91.01,Ilex paraguariensis
sp|W8JWV8|8HGO_CATRO,CDP16164.1,83.862,378,58,1,1,378,1,375,0.0,630.0,91.8,Coffea canephora
sp|W8JWV8|8HGO_CATRO,CAA2997912.1,78.571,378,78,1,1,378,21,395,0.0,627.0,89.42,Olea europaea subsp. europaea
sp|W8JWV8|8HGO_CATRO,XP_020549820.1,79.088,373,78,0,6,378,5,377,0.0,627.0,91.15,Sesamum indicum
sp|W8JWV8|8HGO_CATRO,XP_027085518.1,83.333,378,60,1,1,378,1,375,0.0,627.0,91.53,Coffea arabica
sp|W8JWV8|8HGO_CATRO,XP_022853375.1,78.307,378,79,1,1,378,21,395,0.0,626.0,89.15,Olea europaea var. sylvestris
sp|W8JWV8|8HGO_CATRO,XP_022853376.1,78.571,378,78,1,1,378,1,375,0.0,625.0,89.15,Olea europaea var. sylvestris
sp|W8JWV8|8HGO_CATRO,CAI9755657.1,79.412,374,77,0,5,378,2,375,0.0,625.0,89.57,Fraxinus pennsylvanica
sp|W8JWV8|8HGO_CATRO,XP_051137809.1,77.836,379,83,1,1,378,1,379,0.0,624.0,89.71,Andrographis paniculata
sp|W8JWV8|8HGO_CATRO,CAA0810577.1,78.4,375,81,0,4,378,2,376,0.0,623.0,89.87,Striga hermonthica
sp|W8JWV8|8HGO_CATRO,KAK2966559.1,79.357,373,76,1,7,378,4,376,0.0,623.0,90.35,Escallonia rubra
sp|W8JWV8|8HGO_CATRO,KAK6140937.1,78.4,375,81,0,4,378,2,376,0.0,623.0,90.13,Rehmannia glutinosa
sp|W8JWV8|8HGO_CATRO,KAK6161839.1,78.133,375,82,0,4,378,2,376,0.0,622.0,90.13,Rehmannia glutinosa
sp|W8JWV8|8HGO_CATRO,KAL8537180.1,78.133,375,82,0,4,378,2,376,0.0,622.0,89.6,Phlomoides rotata
sp|W8JWV8|8HGO_CATRO,MIH5272317.1,78.133,375,80,1,4,378,2,374,0.0,622.0,91.2,Unknown
sp|W8JWV8|8HGO_CATRO,CAA2997913.1,78.307,378,78,2,1,378,21,394,0.0,621.0,89.15,Olea europaea subsp. europaea
sp|W8JWV8|8HGO_CATRO,ALG62779.1,78.042,378,80,1,1,378,21,395,0.0,621.0,88.36,Olea europaea
sp|W8JWV8|8HGO_CATRO,KAL8537182.1,77.867,375,83,0,4,378,2,376,0.0,619.0,89.6,Phlomoides rotata
sp|W8JWV8|8HGO_CATRO,WNE31664.1,77.333,375,85,0,4,378,2,376,0.0,619.0,90.13,Teucrium marum
sp|W8JWV8|8HGO_CATRO,AEQ04839.1,77.778,378,81,1,1,378,1,375,0.0,619.0,88.1,Olea europaea
sp|W8JWV8|8HGO_CATRO,MIM5528194.1,77.867,375,83,0,4,378,2,376,0.0,619.0,89.6,Unknown
sp|W8JWV8|8HGO_CATRO,KAM7477308.1,79.265,381,73,3,1,378,1,378,0.0,619.0,88.71,Lonicera macranthoides
sp|W8JWV8|8HGO_CATRO,GFP80254.1,78.976,371,78,0,8,378,3,373,0.0,618.0,90.57,Phtheirospermum japonicum
sp|W8JWV8|8HGO_CATRO,CAQ4158777.1,77.807,374,82,1,6,378,4,377,0.0,618.0,90.64,Unknown
sp|W8JWV8|8HGO_CATRO,KAM7480716.1,79.003,381,74,3,1,378,1,378,0.0,616.0,88.45,Lonicera macranthoides
sp|W8JWV8|8HGO_CATRO,KAN5414928.1,77.333,375,85,0,4,378,3,377,0.0,615.0,89.07,Castilleja lemmonii
sp|W8JWV8|8HGO_CATRO,KAN8724247.1,77.867,375,83,0,4,378,2,376,0.0,615.0,89.07,Castilleja parviflora
sp|W8JWV8|8HGO_CATRO,KAN3212043.1,76.862,376,86,1,4,378,2,377,0.0,615.0,90.43,Utricularia aurea
sp|W8JWV8|8HGO_CATRO,MIM5538145.1,77.6,375,84,0,4,378,2,376,0.0,614.0,89.33,Unknown
sp|W8JWV8|8HGO_CATRO,KAL3650824.1,77.867,375,83,0,4,378,2,376,0.0,614.0,89.07,Castilleja foliolosa
sp|W8JWV8|8HGO_CATRO,CAN5992090.1,77.236,369,83,1,11,378,8,376,0.0,613.0,91.87,Veronica longifolia
sp|W8JWV8|8HGO_CATRO,XP_011081820.1,77.249,378,85,1,1,378,1,377,0.0,612.0,89.15,Sesamum indicum
sp|W8JWV8|8HGO_CATRO,KAK4490927.1,74.933,375,94,0,4,378,542,916,0.0,612.0,89.07,Penstemon davidsonii
sp|A0A2S1XB67|ASO_CATRO,A0A5B8XB28.1,72.83,530,143,1,1,529,1,530,0.0,804.0,84.91,Tabernanthe iboga
sp|A0A2S1XB67|ASO_CATRO,A0A5B8X7E6.1,74.656,509,127,2,22,528,21,529,0.0,752.0,85.27,Tabernanthe iboga
sp|A0A2S1XB67|ASO_CATRO,AYE56101.1,73.725,510,126,4,23,529,26,530,0.0,743.0,85.29,Vinca minor
sp|A0A2S1XB67|ASO_CATRO,AYE56102.1,69.171,519,159,1,12,529,13,531,0.0,723.0,82.66,Tabernaemontana elegans
sp|A0A2S1XB67|ASO_CATRO,AYE56103.1,67.176,524,171,1,1,523,1,524,0.0,712.0,81.49,Amsonia hubrichtii
sp|A0A2S1XB67|ASO_CATRO,A0A5B8X6A1.1,68.015,519,165,1,12,529,13,531,0.0,711.0,81.5,Tabernanthe iboga
sp|A0A2S1XB67|ASO_CATRO,XHA77556.1,61.431,503,189,4,26,525,28,528,0.0,615.0,78.33,Ochrosia elliptica
sp|A0A2S1XB67|ASO_CATRO,XHA77553.1,58.235,510,206,5,25,529,27,534,0.0,592.0,75.49,Rauvolfia serpentina
sp|A0A2S1XB67|ASO_CATRO,XHA77554.1,57.331,532,218,7,1,525,1,530,0.0,588.0,74.81,Rauvolfia tetraphylla
sp|A0A2S1XB67|ASO_CATRO,XHA77559.1,57.303,534,217,8,1,526,1,531,0.0,585.0,75.66,Gelsemium sempervirens
sp|A0A2S1XB67|ASO_CATRO,CDP15693.1,57.663,522,211,7,14,528,23,541,0.0,583.0,75.86,Coffea canephora
sp|A0A2S1XB67|ASO_CATRO,XHA77563.1,56.792,530,220,7,1,523,2,529,0.0,580.0,75.09,Cephalanthus occidentalis
sp|A0A2S1XB67|ASO_CATRO,XP_027073200.2,57.28,522,213,7,14,528,16,534,0.0,580.0,75.86,Coffea arabica
sp|A0A2S1XB67|ASO_CATRO,XP_027179532.1,57.803,519,211,6,14,526,16,532,0.0,580.0,75.72,Coffea eugenioides
sp|A0A2S1XB67|ASO_CATRO,XP_027078119.2,57.57,535,215,9,2,528,19,549,0.0,577.0,74.77,Coffea arabica
sp|A0A2S1XB67|ASO_CATRO,XP_027074111.2,57.196,535,217,9,2,528,19,549,0.0,573.0,74.58,Coffea arabica
sp|A0A2S1XB67|ASO_CATRO,XP_057466222.1,55.263,532,232,5,1,528,1,530,0.0,572.0,73.87,Actinidia eriantha
sp|A0A2S1XB67|ASO_CATRO,CDP15695.1,57.196,535,217,9,2,528,19,549,0.0,571.0,74.39,Coffea canephora
sp|A0A2S1XB67|ASO_CATRO,XP_027179542.1,57.196,535,217,9,2,528,19,549,0.0,571.0,74.39,Coffea eugenioides
sp|A0A2S1XB67|ASO_CATRO,XUR19206.1,54.887,532,227,8,1,523,2,529,0.0,567.0,73.87,Mitragyna speciosa
sp|A0A2S1XB67|ASO_CATRO,XHA77562.1,54.887,532,227,8,1,523,2,529,0.0,567.0,73.68,Mitragyna speciosa
sp|A0A2S1XB67|ASO_CATRO,XHA77558.1,56.647,519,215,6,18,529,18,533,0.0,562.0,73.41,Gelsemium sempervirens
sp|A0A2S1XB67|ASO_CATRO,XHA77561.1,54.426,531,231,7,1,523,2,529,0.0,560.0,73.07,Mitragyna parvifolia
sp|A0A2S1XB67|ASO_CATRO,XHA77564.1,55.159,533,230,7,2,528,5,534,0.0,558.0,73.73,Uncaria rhynchophylla
sp|A0A2S1XB67|ASO_CATRO,XUR19205.1,55.179,531,228,8,1,523,1,529,0.0,558.0,73.63,Mitragyna speciosa
sp|A0A2S1XB67|ASO_CATRO,CDP12587.1,53.7,527,236,5,3,523,4,528,0.0,553.0,73.24,Coffea canephora
sp|A0A2S1XB67|ASO_CATRO,XP_027183963.1,53.7,527,236,5,3,523,4,528,0.0,553.0,72.87,Coffea eugenioides
sp|A0A2S1XB67|ASO_CATRO,XP_027086119.2,53.89,527,235,5,3,523,4,528,0.0,552.0,72.87,Coffea arabica
sp|A0A2S1XB67|ASO_CATRO,KAL3510804.1,53.545,536,237,8,1,526,1,534,0.0,551.0,73.13,Cinchona calisaya
sp|A0A2S1XB67|ASO_CATRO,XP_027088090.1,53.7,527,236,5,3,523,4,528,0.0,551.0,72.87,Coffea arabica
sp|A0A2S1XB67|ASO_CATRO,XP_027088137.1,53.992,526,234,7,3,523,4,526,0.0,548.0,73.0,Coffea arabica
sp|A0A2S1XB67|ASO_CATRO,XP_027183964.1,54.183,526,233,7,3,523,4,526,0.0,548.0,72.81,Coffea eugenioides
sp|A0A2S1XB67|ASO_CATRO,KAF3450235.1,55.009,529,228,7,7,528,8,533,0.0,547.0,70.89,Rhamnella rubrinervis
sp|A0A2S1XB67|ASO_CATRO,KAL3527636.1,56.371,518,208,7,25,525,25,541,0.0,545.0,72.97,Cinchona calisaya
sp|A0A2S1XB67|ASO_CATRO,XP_027086475.1,53.612,526,236,7,3,523,4,526,0.0,544.0,72.81,Coffea arabica
sp|A0A2S1XB67|ASO_CATRO,XHA77560.1,55.6,500,212,6,30,523,32,527,0.0,544.0,74.2,Hamelia patens
sp|A0A2S1XB67|ASO_CATRO,XHA77557.1,58.847,503,197,6,26,525,22,517,0.0,543.0,75.75,Vinca minor
sp|A0A2S1XB67|ASO_CATRO,CDP12588.1,53.422,526,237,7,3,523,4,526,0.0,543.0,72.81,Coffea canephora
sp|A0A2S1XB67|ASO_CATRO,XP_062162306.1,53.195,532,233,8,1,523,1,525,0.0,539.0,70.49,Alnus glutinosa
sp|A0A2S1XB67|ASO_CATRO,KAJ6950886.1,54.167,528,222,9,9,525,9,527,0.0,537.0,71.97,Populus alba x Populus x berolinensis
sp|A0A2S1XB67|ASO_CATRO,KAG6790829.1,54.167,528,222,9,9,525,9,527,0.0,535.0,71.78,Populus tomentosa
sp|A0A2S1XB67|ASO_CATRO,KAH7836386.1,54.059,505,225,5,27,528,30,530,0.0,534.0,73.07,Vaccinium darrowii
sp|A0A2S1XB67|ASO_CATRO,XP_034897447.1,54.215,522,221,8,9,521,9,521,0.0,533.0,71.65,Populus alba
sp|A0A2S1XB67|ASO_CATRO,CAI9107376.1,54.183,526,228,10,8,523,8,530,0.0,530.0,72.62,Oldenlandia corymbosa var. corymbosa
sp|A0A2S1XB67|ASO_CATRO,XHA77565.1,52.256,532,243,8,4,527,7,535,0.0,530.0,71.8,Uncaria rhynchophylla
sp|A0A2P1GIW2|CS_CATRO,A0A5B8X6S2.1,72.59,332,82,3,1,330,1,325,5.1e-178,503.0,84.64,Tabernanthe iboga
sp|A0A2P1GIW2|CS_CATRO,AYE56105.1,73.193,332,80,3,1,330,1,325,1.05e-177,502.0,83.73,Tabernaemontana elegans
sp|A0A2P1GIW2|CS_CATRO,WRU92890.1,72.59,332,82,3,1,330,1,325,2.15e-177,501.0,84.34,Rhazya stricta
sp|A0A2P1GIW2|CS_CATRO,AYE56104.1,72.892,332,81,3,1,330,1,325,7.39e-177,500.0,83.73,Tabernaemontana elegans
sp|A0A2P1GIW2|CS_CATRO,WRU92893.1,71.988,332,84,3,1,330,1,325,9.93e-177,499.0,84.04,Tabernaemontana divaricata
sp|A0A2P1GIW2|CS_CATRO,AYE56107.1,72.948,329,79,3,4,330,3,323,1.86e-176,499.0,85.11,Amsonia hubrichtii
sp|A0A2P1GIW2|CS_CATRO,WRU92884.1,71.779,326,84,2,7,330,6,325,6.83e-176,498.0,84.66,Melodinus tenuicaudatus
sp|A0A2P1GIW2|CS_CATRO,WRU92868.1,72.644,329,80,3,4,330,3,323,1.88e-175,496.0,84.8,Amsonia hubrichtii
sp|A0A2P1GIW2|CS_CATRO,A0A5B8X6B5.1,71.212,330,87,2,3,330,2,325,8.96e-175,494.0,83.94,Tabernanthe iboga
sp|A0A2P1GIW2|CS_CATRO,6RJ8_A,71.212,330,87,2,3,330,3,326,1.23e-174,494.0,83.94,Tabernanthe iboga
sp|A0A2P1GIW2|CS_CATRO,AYE56108.1,70.909,330,87,3,1,328,1,323,2.63e-174,493.0,83.33,Vinca minor
sp|A0A2P1GIW2|CS_CATRO,WRU92894.1,70.783,332,88,3,1,330,1,325,5.48e-168,478.0,83.43,Tabernaemontana divaricata
sp|A0A2P1GIW2|CS_CATRO,WRU92896.1,70.303,330,90,2,3,330,2,325,1.32e-167,476.0,82.73,Tabernaemontana elegans
sp|A0A2P1GIW2|CS_CATRO,WRU92885.1,65.758,330,104,3,3,330,2,324,1.7900000000000001e-156,448.0,78.79,Melodinus tenuicaudatus
sp|A0A2P1GIW2|CS_CATRO,WRU92895.1,61.515,330,118,3,3,330,2,324,1.19e-144,418.0,74.85,Tabernaemontana divaricata
sp|A0A2P1GIW2|CS_CATRO,WRU92897.1,61.515,330,118,3,3,330,2,324,1.84e-144,418.0,75.15,Tabernaemontana elegans
sp|A0A2P1GIW2|CS_CATRO,WRU92902.1,60.606,330,121,3,3,330,2,324,2.43e-143,415.0,75.45,Tabernanthe iboga
sp|A0A2P1GIW2|CS_CATRO,WRU92886.1,55.183,328,131,6,8,328,2,320,4.5000000000000004e-124,366.0,72.26,Melodinus tenuicaudatus
sp|A0A2P1GIW2|CS_CATRO,WRU92869.1,55.352,327,129,6,9,328,3,319,1.08e-122,362.0,72.17,Amsonia hubrichtii
sp|A0A2P1GIW2|CS_CATRO,WRU92892.1,54.573,328,132,6,9,328,3,321,1.77e-122,362.0,71.04,Rauvolfia tetraphylla
sp|A0A2P1GIW2|CS_CATRO,WRU92898.1,54.573,328,133,6,8,328,2,320,6.06e-122,360.0,71.34,Tabernaemontana elegans
sp|A0A2P1GIW2|CS_CATRO,AYE56106.1,54.573,328,133,6,8,328,48,366,2.26e-121,361.0,71.34,Tabernaemontana elegans
sp|A0A2P1GIW2|CS_CATRO,WRU92891.1,55.183,328,130,6,8,328,2,319,7.14e-121,358.0,71.04,Rhazya stricta
sp|A0A2P1GIW2|CS_CATRO,WRU92903.1,53.495,329,135,7,8,328,2,320,7.08e-120,355.0,70.82,Tabernanthe iboga
sp|A0A2P1GIW2|CS_CATRO,WRU92899.1,53.374,326,136,7,8,328,5,319,1.16e-116,347.0,70.55,Tabernaemontana elegans
sp|A0A2P1GIW2|CS_CATRO,WRU92908.1,52.568,331,138,6,8,328,2,323,3.1e-115,343.0,69.18,Vinca minor
sp|A0A2P1GIW2|CS_CATRO,WRU92904.1,52.454,326,139,7,8,328,5,319,3.9799999999999998e-115,343.0,71.17,Tabernanthe iboga
sp|A0A2P1GIW2|CS_CATRO,XP_027164246.1,53.56,323,136,6,9,328,6,317,6.2e-114,340.0,70.28,Coffea eugenioides
sp|A0A2P1GIW2|CS_CATRO,XP_027116251.1,53.87,323,135,6,9,328,6,317,7.149999999999999e-114,340.0,69.97,Coffea arabica
sp|A0A2P1GIW2|CS_CATRO,WRU92870.1,50.92,326,141,7,8,327,4,316,1.85e-113,339.0,70.86,Amsonia hubrichtii
sp|A0A2P1GIW2|CS_CATRO,WRU92882.1,52.941,323,138,5,9,328,5,316,7.219999999999999e-113,337.0,69.35,Mitragyna speciosa
sp|A0A2P1GIW2|CS_CATRO,XP_027121267.2,52.941,323,138,6,9,328,6,317,1.0599999999999999e-111,334.0,69.66,Coffea arabica
sp|A0A2P1GIW2|CS_CATRO,WRU92871.1,52.778,324,135,6,8,328,4,312,3.81e-111,333.0,67.28,Amsonia hubrichtii
sp|A0A2P1GIW2|CS_CATRO,WRU92887.1,51.227,326,143,7,8,328,5,319,1.13e-110,332.0,68.71,Melodinus tenuicaudatus
sp|A0A2P1GIW2|CS_CATRO,WRU92888.1,51.077,325,140,7,8,329,4,312,3.1900000000000005e-110,330.0,68.62,Melodinus tenuicaudatus
sp|A0A2P1GIW2|CS_CATRO,KAJ7980080.1,50.606,330,140,7,11,328,14,332,3.3900000000000003e-110,331.0,68.18,Quillaja saponaria
sp|A0A2P1GIW2|CS_CATRO,CAI9098792.1,50.155,323,151,4,9,327,5,321,5.5e-110,330.0,69.04,Oldenlandia corymbosa var. corymbosa
sp|O04847|DV4H_CATRO,KAM7462967.1,61.236,356,132,3,44,399,13,362,2.29e-162,468.0,79.78,Lonicera macranthoides
sp|O04847|DV4H_CATRO,XP_059632385.1,59.299,371,145,4,32,401,10,375,7.380000000000001e-161,464.0,77.36,Cornus florida
sp|O04847|DV4H_CATRO,KAA8548785.1,57.592,382,155,4,21,399,5,382,1.47e-160,464.0,75.65,Nyssa sinensis
sp|O04847|DV4H_CATRO,QFG71859.1,60.955,356,133,3,44,399,13,362,4.79e-160,462.0,78.65,Lonicera macranthoides
sp|O04847|DV4H_CATRO,XP_022867532.1,61.157,363,137,3,38,400,12,370,1.53e-159,461.0,78.24,Olea europaea var. sylvestris
sp|O04847|DV4H_CATRO,QFG71860.1,60.955,356,133,3,44,399,13,362,6.75e-159,459.0,78.65,Lonicera macranthoides
sp|O04847|DV4H_CATRO,KAM7462962.1,60.112,356,136,3,44,399,13,362,3.63e-158,457.0,77.81,Lonicera macranthoides
sp|O04847|DV4H_CATRO,XP_058211941.1,59.229,363,144,3,38,399,17,376,8.36e-158,457.0,76.31,Rhododendron vialii
sp|O04847|DV4H_CATRO,KAM7485204.1,58.491,371,144,5,33,400,11,374,1.62e-157,456.0,76.28,Lonicera macranthoides
sp|O04847|DV4H_CATRO,XP_058211933.1,58.678,363,146,3,38,399,17,376,9.550000000000001e-157,454.0,76.03,Rhododendron vialii
sp|O04847|DV4H_CATRO,KAL2530790.1,60.87,368,139,4,34,401,9,371,2.16e-156,453.0,77.72,Forsythia ovata
sp|O04847|DV4H_CATRO,KAH7845008.1,57.983,357,145,4,44,399,70,422,3.14e-156,454.0,77.87,Vaccinium darrowii
sp|O04847|DV4H_CATRO,KAH7844688.1,60.504,357,137,3,44,399,24,377,3.63e-156,452.0,76.75,Vaccinium darrowii
sp|O04847|DV4H_CATRO,KAI8561018.1,57.364,387,140,4,35,399,13,396,7.94e-156,452.0,72.35,Rhododendron molle
sp|O04847|DV4H_CATRO,XP_082731660.1,59.664,357,140,3,44,399,23,376,1.34e-155,451.0,75.91,Camellia sinensis
sp|O04847|DV4H_CATRO,XP_058211935.1,58.743,366,147,3,35,399,14,376,1.62e-155,451.0,75.68,Rhododendron vialii
sp|O04847|DV4H_CATRO,XP_007035062.2,55.978,368,159,2,32,399,10,374,2.08e-155,451.0,75.82,Theobroma cacao
sp|O04847|DV4H_CATRO,KAL2530328.1,60.598,368,140,4,34,401,9,371,2.58e-155,450.0,77.72,Forsythia ovata
sp|O04847|DV4H_CATRO,KAH7844820.1,59.664,357,140,3,44,399,18,371,4.72e-155,449.0,76.19,Vaccinium darrowii
sp|O04847|DV4H_CATRO,XP_002284663.1,56.25,368,157,2,32,399,10,373,2.86e-154,447.0,75.27,Vitis vinifera
sp|O04847|DV4H_CATRO,CAI9118221.1,59.834,361,141,3,40,400,10,366,3.21e-154,447.0,76.18,Oldenlandia corymbosa var. corymbosa
sp|O04847|DV4H_CATRO,XP_021290150.1,55.707,368,160,2,32,399,10,374,7.02e-154,447.0,75.54,Herrania umbratica
sp|O04847|DV4H_CATRO,KAL3507675.1,56.403,367,156,3,33,399,5,367,8.73e-154,446.0,77.66,Cinchona calisaya
sp|O04847|DV4H_CATRO,XP_052173967.1,57.143,357,149,3,45,401,21,373,1.03e-153,446.0,76.75,Diospyros lotus
sp|O04847|DV4H_CATRO,KAL6343388.1,56.793,368,155,2,32,399,10,373,1.06e-153,446.0,75.0,Vitis piasezkii
sp|O04847|DV4H_CATRO,KAH7842218.1,61.143,350,132,3,44,392,23,369,1.28e-153,456.0,77.14,Vaccinium darrowii
sp|O04847|DV4H_CATRO,KAH7842218.1,52.61,249,116,2,38,285,391,638,9.67e-87,283.0,73.09,Vaccinium darrowii
sp|O04847|DV4H_CATRO,CAN66006.1,55.978,368,158,2,32,399,10,373,2.83e-153,445.0,75.0,Vitis vinifera
sp|O04847|DV4H_CATRO,XP_059275399.1,55.923,363,157,2,37,399,15,374,3.15e-153,445.0,76.31,Lycium ferocissimum
sp|O04847|DV4H_CATRO,XP_059632379.1,54.5,400,167,5,2,401,175,559,4.56e-153,451.0,73.0,Cornus florida
sp|O04847|DV4H_CATRO,XP_059632379.1,47.59,166,83,3,44,207,22,185,1e-43,168.0,69.28,Cornus florida
sp|O04847|DV4H_CATRO,KAL5542205.1,58.289,374,150,3,27,399,6,374,4.69e-153,444.0,73.8,Ulmus minor
sp|O04847|DV4H_CATRO,XP_034686198.1,57.584,356,147,2,44,399,22,373,6.57e-153,444.0,76.4,Vitis riparia
sp|O04847|DV4H_CATRO,KAG5554418.1,58.953,363,136,4,38,399,17,367,8.46e-153,444.0,74.38,Rhododendron griersonianum
sp|O04847|DV4H_CATRO,XP_023904767.1,59.27,356,140,2,44,399,17,367,8.71e-153,444.0,75.56,Quercus suber
sp|O04847|DV4H_CATRO,EOY05988.1,55.163,368,162,2,32,399,10,374,9.97e-153,444.0,75.27,Theobroma cacao
sp|O04847|DV4H_CATRO,CAN67227.1,56.25,368,157,2,32,399,10,373,1.04e-152,444.0,74.73,Vitis vinifera
sp|O04847|DV4H_CATRO,XP_030974529.1,58.989,356,141,2,44,399,17,367,1.2199999999999999e-152,443.0,75.56,Quercus lobata
sp|O04847|DV4H_CATRO,KAL6343391.1,56.793,368,155,3,32,399,10,373,1.34e-152,443.0,75.0,Vitis piasezkii
sp|O04847|DV4H_CATRO,XP_044500648.1,57.951,371,146,5,32,399,7,370,1.76e-152,443.0,74.66,Mangifera indica
sp|O04847|DV4H_CATRO,XP_034686200.1,55.978,368,158,2,32,399,10,373,2.09e-152,443.0,75.0,Vitis riparia
sp|O04847|DV4H_CATRO,KAL2530329.1,56.098,369,156,4,33,399,5,369,4e-152,442.0,76.96,Forsythia ovata
sp|O04847|DV4H_CATRO,XP_059632383.1,55.5,400,172,5,1,399,4,398,5.4e-152,443.0,73.0,Cornus florida
sp|O04847|DV4H_CATRO,GLU08138.1,55.795,371,156,4,31,399,9,373,6.88e-152,441.0,75.47,Rubroshorea leprosula
sp|O04847|DV4H_CATRO,XP_027166932.1,56.873,371,156,3,29,399,7,373,7.98e-152,441.0,74.39,Coffea eugenioides
sp|Q9ZTK5|DAT_CATRO,A0A9E7S5E3.1,54.186,430,174,11,11,438,6,414,7.959999999999999e-147,432.0,69.07,Alstonia scholaris
sp|Q9ZTK5|DAT_CATRO,YCO90880.1,40.136,441,228,14,11,438,15,432,5.45e-91,290.0,57.37,Cinchona pubescens
sp|Q9ZTK5|DAT_CATRO,KAL3537463.1,40.136,441,228,14,11,438,10,427,4.92e-90,287.0,57.14,Cinchona calisaya
sp|Q9ZTK5|DAT_CATRO,P0DO84.1,37.778,450,235,13,7,438,37,459,4.31e-87,281.0,56.89,Strychnos nux-vomica
sp|Q9ZTK5|DAT_CATRO,P0DXG0.1,38.427,445,242,12,7,438,31,456,2.1e-85,276.0,56.63,Strychnos sp.
sp|Q9ZTK5|DAT_CATRO,KAM3362758.1,37.079,445,240,14,15,438,15,440,2.03e-83,270.0,58.65,Capsicum galapagoense
sp|Q9ZTK5|DAT_CATRO,NP_001311698.1,36.771,446,242,14,14,438,14,440,4.49e-83,270.0,58.74,Capsicum annuum
sp|Q9ZTK5|DAT_CATRO,AAV66311.1,36.547,446,243,14,14,438,14,440,2.1299999999999998e-82,268.0,58.74,Capsicum annuum
sp|Q9ZTK5|DAT_CATRO,PHT56199.1,36.854,445,241,14,15,438,15,440,2.5599999999999998e-82,268.0,58.43,Capsicum baccatum
sp|Q9ZTK5|DAT_CATRO,Q58VT1.1,36.629,445,242,14,15,438,15,440,2.64e-82,268.0,58.65,Capsicum frutescens
sp|Q9ZTK5|DAT_CATRO,AAV66310.1,36.547,446,243,14,14,438,14,440,2.97e-82,268.0,58.52,Capsicum annuum
sp|Q9ZTK5|DAT_CATRO,QCT85208.1,36.629,445,242,14,15,438,15,440,3.89e-82,267.0,58.65,Capsicum annuum
sp|Q9ZTK5|DAT_CATRO,KAM3285523.1,36.854,445,241,14,15,438,15,440,3.93e-82,267.0,58.2,Capsicum chacoense
sp|Q9ZTK5|DAT_CATRO,AAV66309.1,36.629,445,242,14,15,438,15,440,4.6199999999999996e-82,267.0,58.43,Capsicum chinense
sp|Q9ZTK5|DAT_CATRO,KAF3637602.1,35.44,443,251,12,15,438,15,441,8.47e-82,266.0,57.34,Capsicum annuum
sp|Q9ZTK5|DAT_CATRO,KAM3362757.1,35.36,444,251,12,15,438,15,442,1.54e-81,266.0,57.21,Capsicum galapagoense
sp|Q9ZTK5|DAT_CATRO,A0A2G3D6U1.1,36.404,445,243,14,15,438,15,440,1.94e-81,265.0,58.43,Capsicum chinense
sp|Q9ZTK5|DAT_CATRO,PHU26685.1,35.44,443,251,12,15,438,15,441,3.77e-81,265.0,57.11,Capsicum chinense
sp|Q9ZTK5|DAT_CATRO,XP_016467639.1,37.162,444,241,14,15,439,19,443,1.1100000000000001e-80,264.0,57.43,Nicotiana tabacum
sp|Q9ZTK5|DAT_CATRO,XP_070025052.1,37.387,444,240,14,15,439,36,460,1.54e-80,264.0,57.21,Nicotiana sylvestris
sp|Q9ZTK5|DAT_CATRO,XP_070025047.1,37.162,444,241,14,15,439,36,460,1.63e-80,264.0,57.43,Nicotiana sylvestris
sp|Q9ZTK5|DAT_CATRO,KAF3623437.1,35.214,443,252,12,15,438,15,441,4.9900000000000005e-80,262.0,57.11,Capsicum annuum
sp|Q9ZTK5|DAT_CATRO,ATG80133.1,36.018,447,242,14,15,438,17,442,6.4300000000000005e-80,261.0,57.05,Atropa belladonna
sp|Q9ZTK5|DAT_CATRO,XP_016560262.2,35.214,443,252,12,15,438,33,459,6.86e-80,262.0,57.11,Capsicum annuum
sp|Q9ZTK5|DAT_CATRO,XP_059314868.1,38.117,446,242,13,8,438,2,428,7.52e-80,261.0,54.93,Lycium ferocissimum
sp|Q9ZTK5|DAT_CATRO,KAM3285522.1,35.281,445,251,13,15,438,15,443,8.74e-80,261.0,56.63,Capsicum chacoense
sp|Q9ZTK5|DAT_CATRO,PHT26523.1,35.135,444,252,13,15,438,15,442,1.1200000000000001e-79,261.0,56.76,Capsicum baccatum
sp|Q9ZTK5|DAT_CATRO,KAK4278478.1,36.971,449,256,11,1,438,1,433,1.76e-79,260.0,55.01,Acacia crassicarpa
sp|Q9ZTK5|DAT_CATRO,XP_019229743.1,35.65,446,249,12,15,439,18,446,6.390000000000001e-79,259.0,56.73,Nicotiana attenuata
sp|Q9ZTK5|DAT_CATRO,XP_027101735.1,39.693,456,226,18,11,438,10,444,1.63e-78,258.0,55.04,Coffea arabica
sp|Q9ZTK5|DAT_CATRO,XP_049358061.1,38.063,444,239,15,15,438,17,444,2.01e-78,258.0,55.63,Solanum verrucosum
sp|Q9ZTK5|DAT_CATRO,XP_050132963.1,35.347,447,256,15,6,438,1,428,2.68e-78,257.0,56.82,Malus sylvestris
sp|Q9ZTK5|DAT_CATRO,KAB2624869.1,35.347,447,256,15,6,438,1,428,3.35e-78,257.0,56.6,Pyrus ussuriensis x Pyrus communis
sp|Q9ZTK5|DAT_CATRO,XP_050132964.1,36.261,444,253,13,7,438,3,428,3.57e-78,257.0,56.76,Malus sylvestris
sp|A0A1B1FHP3|DPAS_CATRO,A0A5B8X8Z0.1,86.538,364,49,0,1,364,1,364,0.0,645.0,94.78,Tabernanthe iboga
sp|A0A1B1FHP3|DPAS_CATRO,8B1V_A,86.813,364,48,0,1,364,1,364,0.0,639.0,95.05,Tabernanthe iboga
sp|A0A1B1FHP3|DPAS_CATRO,A0A5B8XAH0.1,78.947,361,76,0,2,362,14,374,0.0,575.0,90.03,Tabernanthe iboga
sp|A0A1B1FHP3|DPAS_CATRO,WKU61918.1,68.232,362,114,1,1,362,51,411,7.360000000000001e-169,484.0,81.49,Rauvolfia serpentina
sp|A0A1B1FHP3|DPAS_CATRO,YFZ31637.1,61.602,362,138,1,1,362,1,361,1.9300000000000003e-166,476.0,79.28,Strychnos spinosa
sp|A0A1B1FHP3|DPAS_CATRO,WRI02172.1,66.851,362,119,1,1,362,1,361,1.36e-164,472.0,79.83,Rauvolfia tetraphylla
sp|A0A1B1FHP3|DPAS_CATRO,A0A0U3S9Q3.1,67.127,362,118,1,1,362,1,361,2.0600000000000003e-163,469.0,80.39,Rauvolfia serpentina
sp|A0A1B1FHP3|DPAS_CATRO,WRI02170.1,67.127,362,118,1,1,362,1,361,3.5900000000000006e-163,468.0,79.56,Rauvolfia tetraphylla
sp|A0A1B1FHP3|DPAS_CATRO,A0A0U4BHM2.1,66.575,362,120,1,1,362,1,361,9.400000000000001e-163,467.0,79.83,Rauvolfia tetraphylla
sp|A0A1B1FHP3|DPAS_CATRO,XP_059645435.1,63.333,360,131,1,1,360,1,359,3.88e-162,466.0,80.0,Cornus florida
sp|A0A1B1FHP3|DPAS_CATRO,KAM7529384.1,61.56,359,137,1,3,361,5,362,7.88e-161,462.0,80.78,Lonicera macranthoides
sp|A0A1B1FHP3|DPAS_CATRO,KAM7523844.1,61.56,359,137,1,3,361,5,362,9.49e-161,462.0,80.78,Lonicera macranthoides
sp|A0A1B1FHP3|DPAS_CATRO,AAW45741.1,62.079,356,134,1,4,359,3,357,1.93e-157,454.0,79.49,Populus tremula x Populus tremuloides
sp|A0A1B1FHP3|DPAS_CATRO,XP_034932162.1,62.079,356,134,1,4,359,3,357,2.33e-157,453.0,79.49,Populus alba
sp|A0A1B1FHP3|DPAS_CATRO,XP_002322822.2,61.798,356,135,1,4,359,3,357,2.68e-157,453.0,79.78,Populus trichocarpa
sp|A0A1B1FHP3|DPAS_CATRO,1YQD_A,61.798,356,135,1,4,359,7,361,2.8300000000000004e-157,453.0,79.21,Populus tremuloides
sp|A0A1B1FHP3|DPAS_CATRO,CAK9156012.1,62.81,363,133,2,1,362,1,362,3.81e-157,453.0,78.79,Ilex paraguariensis
sp|A0A1B1FHP3|DPAS_CATRO,KAJ6864807.1,61.798,356,135,1,4,359,3,357,6.5e-157,452.0,79.49,Populus alba x Populus x berolinensis
sp|A0A1B1FHP3|DPAS_CATRO,KAL9336543.1,61.517,356,136,1,4,359,3,357,7.170000000000001e-157,452.0,79.78,Populus x canadensis
sp|A0A1B1FHP3|DPAS_CATRO,KAL7254901.1,61.838,359,136,1,1,359,1,358,8.16e-157,452.0,81.34,Camellia fascicularis
sp|A0A1B1FHP3|DPAS_CATRO,AAK58693.1,61.517,356,136,1,4,359,3,357,1.06e-156,452.0,79.21,Populus tremuloides
sp|A0A1B1FHP3|DPAS_CATRO,XP_059645436.1,62.222,360,135,1,1,360,1,359,1.1000000000000001e-156,452.0,79.44,Cornus florida
sp|A0A1B1FHP3|DPAS_CATRO,XP_061955310.1,61.798,356,135,1,4,359,3,357,1.37e-156,451.0,79.49,Populus nigra
sp|A0A1B1FHP3|DPAS_CATRO,KAM7523848.1,62.36,356,133,1,4,359,3,357,1.5e-156,451.0,78.37,Lonicera macranthoides
sp|A0A1B1FHP3|DPAS_CATRO,KAM7523845.1,57.474,388,136,3,2,361,4,390,1.98e-156,452.0,75.77,Lonicera macranthoides
sp|A0A1B1FHP3|DPAS_CATRO,KAN4993919.1,62.36,356,133,1,4,359,3,357,2.9300000000000003e-156,451.0,79.49,Tetrastigma harmandii
sp|A0A1B1FHP3|DPAS_CATRO,XP_002276703.1,61.127,355,137,1,5,359,18,371,3e-156,451.0,80.56,Vitis vinifera
sp|A0A1B1FHP3|DPAS_CATRO,KAH8485330.1,61.517,356,136,1,4,359,3,357,3.5800000000000003e-156,451.0,79.49,Populus deltoides
sp|A0A1B1FHP3|DPAS_CATRO,KAN5098943.1,62.36,356,133,1,4,359,3,357,3.6e-156,450.0,78.93,Tetrastigma voinierianum
sp|A0A1B1FHP3|DPAS_CATRO,KAM7519792.1,62.921,356,131,1,4,359,3,357,3.76e-156,450.0,78.37,Lonicera macranthoides
sp|A0A1B1FHP3|DPAS_CATRO,XP_003635435.1,61.798,356,135,1,4,359,3,357,4.0200000000000004e-156,450.0,79.49,Vitis vinifera
sp|A0A1B1FHP3|DPAS_CATRO,KAL7230556.1,61.56,359,137,1,1,359,1,358,5.230000000000001e-156,450.0,81.06,Camellia fascicularis
sp|A0A1B1FHP3|DPAS_CATRO,KAF8406120.1,62.465,357,133,1,4,360,3,358,6.22e-156,450.0,78.71,Tetracentron sinense
sp|A0A1B1FHP3|DPAS_CATRO,KAK2996019.1,62.222,360,135,1,1,360,1,359,8.040000000000001e-156,449.0,79.44,Escallonia rubra
sp|A0A1B1FHP3|DPAS_CATRO,KAJ9670298.1,61.798,356,135,1,4,359,3,357,1.06e-155,449.0,78.93,Vitis rotundifolia
sp|A0A1B1FHP3|DPAS_CATRO,MHY6193471.1,62.079,356,134,1,4,359,150,504,2.12e-155,454.0,79.78,Vitis vinifera
sp|A0A1B1FHP3|DPAS_CATRO,CBI33198.3,61.236,356,137,1,4,359,3,357,4.26e-155,447.0,79.21,Vitis vinifera
sp|A0A1B1FHP3|DPAS_CATRO,KAL9373993.1,61.517,356,136,1,4,359,3,357,5.94e-155,447.0,79.21,Populus x canadensis
sp|A0A1B1FHP3|DPAS_CATRO,KAN4993913.1,61.517,356,136,1,4,359,3,357,6.67e-155,447.0,79.21,Tetrastigma harmandii
sp|A0A1B1FHP3|DPAS_CATRO,XP_034690891.1,61.236,356,137,1,4,359,3,357,7.04e-155,447.0,79.21,Vitis riparia
sp|A0A1B1FHP3|DPAS_CATRO,KAK2996021.1,61.944,360,136,1,1,360,1,359,7.96e-155,447.0,79.17,Escallonia rubra
sp|A0A1B1FHP3|DPAS_CATRO,XP_011004094.1,61.517,356,136,1,4,359,3,357,8.07e-155,447.0,78.93,Populus euphratica
sp|Q8VWZ7|C76B6_CATRO,AGX93053.1,89.388,490,52,0,1,490,1,490,0.0,922.0,95.31,Rauvolfia serpentina
sp|Q8VWZ7|C76B6_CATRO,XHC56413.1,87.627,493,61,0,1,493,17,509,0.0,912.0,94.73,Ochrosia elliptica
sp|Q8VWZ7|C76B6_CATRO,AGX93054.1,87.424,493,62,0,1,493,1,493,0.0,911.0,94.52,Tabernaemontana elegans
sp|Q8VWZ7|C76B6_CATRO,AGX93052.1,86.613,493,66,0,1,493,1,493,0.0,909.0,95.33,Amsonia hubrichtii
sp|Q8VWZ7|C76B6_CATRO,AGX93051.1,83.976,493,79,0,1,493,1,493,0.0,885.0,94.73,Cinchona calisaya
sp|Q8VWZ7|C76B6_CATRO,KAL3526733.1,83.773,493,80,0,1,493,1,493,0.0,884.0,94.52,Cinchona calisaya
sp|Q8VWZ7|C76B6_CATRO,ANW12210.1,82.15,493,88,0,1,493,23,515,0.0,877.0,92.49,Gentiana crassa subsp. rigescens
sp|Q8VWZ7|C76B6_CATRO,AIA22171.1,82.15,493,88,0,1,493,23,515,0.0,877.0,92.29,Gentiana crassa subsp. rigescens
sp|Q8VWZ7|C76B6_CATRO,ANW12211.1,82.15,493,88,0,1,493,23,515,0.0,876.0,92.49,Gentiana crassa subsp. rigescens
sp|Q8VWZ7|C76B6_CATRO,BAP90522.1,82.961,493,84,0,1,493,20,512,0.0,876.0,93.51,Ophiorrhiza pumila
sp|Q8VWZ7|C76B6_CATRO,ANW12209.1,81.947,493,89,0,1,493,23,515,0.0,872.0,92.29,Gentiana crassa subsp. rigescens
sp|Q8VWZ7|C76B6_CATRO,XP_027154553.1,82.353,493,87,0,1,493,1,493,0.0,871.0,93.31,Coffea eugenioides
sp|Q8VWZ7|C76B6_CATRO,AGX93055.1,86.207,493,68,0,1,493,1,493,0.0,870.0,94.12,Vinca minor
sp|Q8VWZ7|C76B6_CATRO,XP_027078185.2,81.947,493,89,0,1,493,1,493,0.0,867.0,93.1,Coffea arabica
sp|Q8VWZ7|C76B6_CATRO,XYA23378.1,80.408,490,96,0,1,490,1,490,0.0,853.0,93.47,Carapichea ipecacuanha
sp|Q8VWZ7|C76B6_CATRO,KAL2552084.1,81.174,494,92,1,1,493,1,494,0.0,850.0,92.11,Forsythia ovata
sp|Q8VWZ7|C76B6_CATRO,WIE96227.1,81.744,493,90,0,1,493,1,493,0.0,850.0,93.71,Mitragyna speciosa
sp|Q8VWZ7|C76B6_CATRO,KAL2552131.1,80.972,494,93,1,1,493,1,494,0.0,847.0,91.7,Forsythia ovata
sp|Q8VWZ7|C76B6_CATRO,CAA3016391.1,80.567,494,95,1,1,493,1,494,0.0,847.0,91.3,Olea europaea subsp. europaea
sp|Q8VWZ7|C76B6_CATRO,XP_022858342.1,80.364,494,96,1,1,493,1,494,0.0,844.0,91.09,Olea europaea var. sylvestris
sp|Q8VWZ7|C76B6_CATRO,D1MI46.1,80.527,493,96,0,1,493,3,495,0.0,842.0,92.9,Swertia mussotii
sp|Q8VWZ7|C76B6_CATRO,CAA2993979.1,79.757,494,99,1,1,493,1,494,0.0,839.0,91.7,Olea europaea subsp. europaea
sp|Q8VWZ7|C76B6_CATRO,KAL2531890.1,79.96,494,98,1,1,493,1,494,0.0,838.0,90.69,Abeliophyllum distichum
sp|Q8VWZ7|C76B6_CATRO,KAK2996568.1,77.935,494,105,2,1,490,1,494,0.0,818.0,90.69,Escallonia herrerae
sp|Q8VWZ7|C76B6_CATRO,ALJ75585.1,78.208,491,107,0,3,493,5,495,0.0,818.0,91.24,Swertia asarifolia
sp|Q8VWZ7|C76B6_CATRO,KAK2975527.1,78.138,494,104,2,1,490,1,494,0.0,816.0,90.49,Escallonia rubra
sp|Q8VWZ7|C76B6_CATRO,KAK2988315.1,78.138,494,104,2,1,490,1,494,0.0,815.0,90.28,Escallonia rubra
sp|Q8VWZ7|C76B6_CATRO,KAM7516576.1,77.465,497,108,2,1,493,1,497,0.0,815.0,89.34,Lonicera macranthoides
sp|Q8VWZ7|C76B6_CATRO,MIH5275427.1,76.721,494,114,1,1,493,1,494,0.0,813.0,90.08,Antirrhinum majus var. pseudomajus
sp|Q8VWZ7|C76B6_CATRO,AGX93050.1,77.465,497,108,2,1,493,1,497,0.0,811.0,89.13,Lonicera japonica
sp|Q8VWZ7|C76B6_CATRO,KAI3452069.1,79.837,491,98,1,1,490,1,491,0.0,805.0,90.22,Paulownia fortunei
sp|Q8VWZ7|C76B6_CATRO,AQW38831.1,77.108,498,109,3,1,493,1,498,0.0,802.0,88.35,Nothapodytes nimmoniana
sp|Q8VWZ7|C76B6_CATRO,BCK60971.1,75.101,494,122,1,1,493,1,494,0.0,801.0,89.07,Scoparia dulcis
sp|Q8VWZ7|C76B6_CATRO,KAK4393342.1,78.819,491,103,1,1,490,1,491,0.0,801.0,90.22,Sesamum angolense
sp|Q8VWZ7|C76B6_CATRO,CAN8810798.1,77.328,494,111,1,1,493,1,494,0.0,800.0,90.89,Galium boreale
sp|Q8VWZ7|C76B6_CATRO,CAN8824567.1,77.597,491,106,2,1,490,1,488,0.0,798.0,91.65,Galium boreale
sp|Q8VWZ7|C76B6_CATRO,PIN03107.1,78.34,494,106,1,1,493,1,494,0.0,798.0,89.88,Handroanthus impetiginosus
sp|Q8VWZ7|C76B6_CATRO,XP_011099226.1,78.615,491,104,1,1,490,1,491,0.0,798.0,89.61,Sesamum indicum
sp|Q8VWZ7|C76B6_CATRO,KAL3525730.1,76.327,490,116,0,1,490,1,490,0.0,798.0,87.96,Cinchona calisaya
sp|Q8VWZ7|C76B6_CATRO,KAK6128915.1,79.716,493,98,1,1,493,1,491,0.0,793.0,90.26,Rehmannia glutinosa
sp|Q8VWZ7|C76B6_CATRO,CAN8810807.1,75.967,491,117,1,1,490,1,491,0.0,791.0,90.43,Galium boreale
sp|Q8VWZ7|C76B6_CATRO,KAL2531889.1,79.57,465,94,1,30,493,1,465,0.0,790.0,91.4,Abeliophyllum distichum
sp|Q8VWZ7|C76B6_CATRO,MIM5526562.1,77.959,490,107,1,1,490,1,489,0.0,789.0,88.98,Unknown
sp|Q8VWZ7|C76B6_CATRO,KAN3215018.1,74.899,494,123,1,1,493,1,494,0.0,788.0,87.04,Utricularia aurea
sp|Q8VWZ7|C76B6_CATRO,KAN3226489.1,74.899,494,123,1,1,493,1,494,0.0,788.0,86.84,Utricularia aurea
sp|Q8VWZ7|C76B6_CATRO,CAN8816309.1,75.764,491,118,1,1,490,1,491,0.0,787.0,90.22,Galium boreale
sp|Q8VWZ7|C76B6_CATRO,QOL71525.1,74.447,497,123,2,1,493,1,497,0.0,786.0,87.32,Valeriana jatamansi
sp|Q8VWZ7|C76B6_CATRO,XP_073057880.1,75.101,494,122,1,1,493,1,494,0.0,786.0,87.45,Primulina eburnea
sp|Q8VWZ7|C76B6_CATRO,XP_027153936.1,75.306,490,121,0,1,490,1,490,0.0,786.0,87.14,Coffea eugenioides
AFD64744.1,A0A7G5KLV3.1,78.965,599,99,7,1,587,1,584,0.0,930.0,86.14,Cananga odorata
AFD64744.1,KAL3509620.1,76.65,591,123,6,3,587,2,583,0.0,930.0,87.48,Cinchona calisaya
AFD64744.1,XYA23377.1,74.037,597,137,6,3,587,2,592,0.0,917.0,86.26,Carapichea ipecacuanha
AFD64744.1,XDF18249.1,75.904,581,126,5,9,587,16,584,0.0,898.0,87.44,Gelsemium elegans
AFD64744.1,WRW51042.1,73.986,592,138,5,3,587,2,584,0.0,895.0,85.47,Uncaria rhynchophylla
AFD64744.1,XP_071904867.1,73.986,592,135,7,3,587,2,581,0.0,892.0,86.32,Coffea arabica
AFD64744.1,CDP20227.1,73.818,592,136,7,3,587,2,581,0.0,889.0,85.98,Coffea canephora
AFD64744.1,NP_001413592.1,73.986,592,135,7,3,587,2,581,0.0,888.0,85.81,Coffea arabica
AFD64744.1,XP_027169969.1,74.155,592,132,8,3,587,2,579,0.0,886.0,85.64,Coffea eugenioides
AFD64744.1,QCT83300.1,74.155,592,134,6,3,587,2,581,0.0,885.0,85.3,Gardenia jasminoides
AFD64744.1,XP_027169926.1,74.155,592,132,8,3,587,2,579,0.0,884.0,85.64,Coffea eugenioides
AFD64744.1,XP_027063694.1,73.48,592,138,7,3,587,2,581,0.0,884.0,85.3,Coffea arabica
AFD64744.1,CCM43930.1,73.818,592,132,8,3,587,2,577,0.0,881.0,85.47,Coffea arabica
AFD64744.1,CAN8776270.1,77.049,549,114,4,39,587,1,537,0.0,880.0,86.89,Galium boreale
AFD64744.1,CAI9090338.1,77.698,556,115,5,36,587,62,612,0.0,878.0,87.95,Oldenlandia corymbosa var. corymbosa
AFD64744.1,CAN8799246.1,76.867,549,115,4,39,587,1,537,0.0,878.0,86.89,Galium boreale
AFD64744.1,R4YVJ8.2,73.48,592,134,8,3,587,2,577,0.0,876.0,85.14,Coffea arabica
AFD64744.1,CAN8793677.1,76.503,549,117,4,39,587,1,537,0.0,874.0,86.52,Galium boreale
AFD64744.1,AJT35508.1,75.09,558,129,5,32,587,37,586,0.0,873.0,87.28,Gentiana crassa subsp. rigescens
AFD64744.1,QKS73430.1,74.955,555,132,4,34,587,36,584,0.0,872.0,87.75,Swertia mussotii
AFD64744.1,CAN8782789.1,71.692,597,147,6,1,587,1,585,0.0,868.0,82.24,Galium boreale
AFD64744.1,WIE96226.1,80.469,512,98,2,76,587,1,510,0.0,861.0,90.62,Mitragyna speciosa
AFD64744.1,CAK9158995.1,68.158,581,176,5,9,587,14,587,0.0,831.0,83.48,Ilex paraguariensis
AFD64744.1,KAG8388794.1,70.702,570,150,5,20,587,25,579,0.0,831.0,82.81,Buddleja alternifolia
AFD64744.1,KAM7498239.1,68.971,593,165,7,4,587,6,588,0.0,830.0,81.62,Lonicera macranthoides
AFD64744.1,CAI9090340.1,79.125,503,99,3,88,587,2,501,0.0,829.0,88.87,Oldenlandia corymbosa var. corymbosa
AFD64744.1,KAI3450216.1,74.669,529,131,3,61,587,55,582,0.0,823.0,85.82,Paulownia fortunei
AFD64744.1,KAM7495175.1,70.916,557,157,3,33,587,38,591,0.0,817.0,83.66,Lonicera macranthoides
AFD64744.1,KAL3829007.1,68.614,599,160,8,1,587,1,583,0.0,816.0,80.3,Penstemon smallii
AFD64744.1,KAK2987973.1,66.379,580,185,5,9,587,15,585,0.0,813.0,83.28,Escallonia rubra
AFD64744.1,KAK4483045.1,68.159,603,160,9,1,587,1,587,0.0,812.0,79.6,Penstemon davidsonii
AFD64744.1,KAK4407628.1,72.932,532,140,4,58,587,58,587,0.0,810.0,85.34,Sesamum angolense
AFD64744.1,KAM7492313.1,68.99,574,156,4,33,587,38,608,0.0,810.0,81.53,Lonicera macranthoides
AFD64744.1,KAK6141808.1,72.968,529,139,3,61,587,11,537,0.0,810.0,85.63,Rehmannia glutinosa
AFD64744.1,QJD13722.1,72.968,529,139,3,61,587,54,580,0.0,808.0,85.63,Rehmannia glutinosa
AFD64744.1,XP_011080637.1,72.15,535,145,4,55,587,55,587,0.0,806.0,85.05,Sesamum indicum
AFD64744.1,KAK6163875.1,72.779,529,140,3,61,587,54,580,0.0,804.0,85.44,Rehmannia glutinosa
AFD64744.1,KAK3010328.1,64.657,597,181,6,3,587,18,596,0.0,802.0,80.74,Escallonia herrerae
AFD64744.1,MIH5295501.1,66.498,594,184,8,1,587,1,586,0.0,798.0,79.8,Antirrhinum majus var. pseudomajus
AFD64744.1,KAL2493940.1,66.33,594,180,7,1,587,1,581,0.0,798.0,80.3,Forsythia ovata
AFD64744.1,CDP20228.1,79.079,478,99,1,110,587,1,477,0.0,795.0,89.96,Coffea canephora
AFD64744.1,XP_022870562.1,65.657,594,184,7,1,587,1,581,0.0,793.0,79.29,Olea europaea var. sylvestris
AFD64744.1,CAA3023166.1,65.993,594,181,8,1,587,1,580,0.0,793.0,79.29,Olea europaea subsp. europaea
AFD64744.1,KAK2965668.1,66.727,550,175,3,38,587,43,584,0.0,791.0,84.18,Escallonia rubra
AFD64744.1,KAL3829006.1,65.947,602,175,7,1,587,1,587,0.0,788.0,78.9,Penstemon smallii
AFD64744.1,KAK2987975.1,66.667,546,174,3,42,587,47,584,0.0,785.0,84.25,Escallonia rubra
AFD64744.1,AFI47926.1,65.152,594,187,7,1,587,1,581,0.0,785.0,78.96,Olea europaea
AFD64744.1,CAN6010411.1,63.652,597,198,6,1,587,1,588,0.0,784.0,78.56,Veronica longifolia
AFD64744.1,AGB05612.1,66.667,558,178,4,33,588,39,590,0.0,783.0,81.9,Valeriana officinalis
sp|I1TEM0|GO_CATRO,XLS40686.1,92.016,501,40,0,1,501,1,501,0.0,976.0,97.21,Voacanga thouarsii
sp|I1TEM0|GO_CATRO,XLS40693.1,91.417,501,43,0,1,501,1,501,0.0,973.0,97.21,Tabernaemontana elegans
sp|I1TEM0|GO_CATRO,YBV67929.1,91.617,501,42,0,1,501,1,501,0.0,970.0,96.81,Tabernanthe iboga
sp|I1TEM0|GO_CATRO,AIR93639.1,90.818,501,46,0,1,501,1,501,0.0,958.0,95.81,Amsonia hubrichtii
sp|I1TEM0|GO_CATRO,XLS40690.1,90.18,499,49,0,1,499,1,499,0.0,947.0,94.59,Rhazya stricta
sp|I1TEM0|GO_CATRO,AIR93638.1,89.78,499,51,0,1,499,1,499,0.0,945.0,95.79,Rauvolfia serpentina
sp|I1TEM0|GO_CATRO,AIR93636.1,91.816,501,41,0,1,501,1,501,0.0,940.0,97.01,Tabernaemontana elegans
sp|I1TEM0|GO_CATRO,AIR93637.1,88.423,501,58,0,1,501,1,501,0.0,940.0,95.61,Vinca minor
sp|I1TEM0|GO_CATRO,XLS40679.1,90.02,501,50,0,1,501,1,501,0.0,936.0,96.61,Rauvolfia tetraphylla
sp|I1TEM0|GO_CATRO,A0A9E7S4M4.1,90.22,501,49,0,1,501,1,501,0.0,934.0,95.41,Alstonia scholaris
sp|I1TEM0|GO_CATRO,XLS40684.1,86.627,501,67,0,1,501,1,501,0.0,922.0,93.01,Alstonia scholaris
sp|I1TEM0|GO_CATRO,XLS40687.1,83.832,501,81,0,1,501,1,501,0.0,895.0,91.82,Voacanga thouarsii
sp|I1TEM0|GO_CATRO,XUJ55400.1,62.675,501,183,1,1,501,2,498,0.0,688.0,81.44,Amsonia tabernaemontana
sp|I1TEM0|GO_CATRO,WRI02174.1,62.325,499,183,2,1,498,1,495,0.0,671.0,81.56,Alstonia scholaris
sp|I1TEM0|GO_CATRO,A0A9E7S4M3.1,61.952,502,186,2,1,501,4,501,0.0,654.0,80.68,Alstonia scholaris
sp|I1TEM0|GO_CATRO,XLS40677.1,58.882,501,201,2,2,501,5,501,0.0,636.0,77.25,Rauvolfia tetraphylla
sp|I1TEM0|GO_CATRO,XLS40673.1,59.481,501,195,3,5,501,7,503,0.0,632.0,77.84,Vinca minor
sp|I1TEM0|GO_CATRO,XUJ55399.1,59.281,501,196,3,5,501,7,503,0.0,630.0,78.04,Vinca minor
sp|I1TEM0|GO_CATRO,XLS40678.1,58.483,501,203,2,2,501,5,501,0.0,622.0,77.25,Rauvolfia tetraphylla
sp|I1TEM0|GO_CATRO,XLS40688.1,56.972,502,210,3,1,497,21,521,0.0,579.0,73.11,Voacanga thouarsii
sp|I1TEM0|GO_CATRO,XLS40695.1,56.773,502,211,3,1,497,4,504,0.0,577.0,72.71,Tabernaemontana elegans
sp|I1TEM0|GO_CATRO,XLS40696.1,56.175,502,214,3,1,497,4,504,0.0,573.0,72.71,Tabernaemontana elegans
sp|I1TEM0|GO_CATRO,YBV67933.1,55.05,505,221,3,1,500,4,507,0.0,572.0,72.67,Tabernanthe iboga
sp|I1TEM0|GO_CATRO,XLS40697.1,55.268,503,219,3,1,498,4,505,0.0,563.0,72.37,Tabernaemontana elegans
sp|I1TEM0|GO_CATRO,P0DXJ2.1,53.968,504,225,3,1,498,4,506,0.0,563.0,72.02,Rauvolfia serpentina
sp|I1TEM0|GO_CATRO,XLS40675.1,54.8,500,223,2,1,498,4,502,0.0,561.0,72.0,Vinca minor
sp|I1TEM0|GO_CATRO,XLS40681.1,56.17,470,203,2,31,498,35,503,0.0,553.0,73.19,Rauvolfia tetraphylla
sp|I1TEM0|GO_CATRO,XLS40680.1,54.274,503,224,4,1,498,1,502,0.0,551.0,71.37,Rauvolfia tetraphylla
sp|I1TEM0|GO_CATRO,P0DO13.1,53.704,486,221,3,16,498,14,498,0.0,540.0,71.81,Rauvolfia serpentina
sp|I1TEM0|GO_CATRO,P0DO14.1,51.6,500,234,5,1,499,4,496,3.7699999999999995e-176,512.0,70.2,Gelsemium sempervirens
sp|I1TEM0|GO_CATRO,A0A9E7LUJ4.1,50.104,483,233,3,21,498,27,506,6.87e-171,499.0,68.74,Alstonia scholaris
sp|I1TEM0|GO_CATRO,XLS40698.1,48.611,504,248,4,2,497,5,505,2.3299999999999997e-170,498.0,67.66,Tabernaemontana elegans
sp|I1TEM0|GO_CATRO,XLS40683.1,48.4,500,252,3,2,498,5,501,1.0300000000000001e-169,496.0,67.6,Rauvolfia tetraphylla
sp|I1TEM0|GO_CATRO,XLS40676.1,50.622,482,230,4,22,498,19,497,1.34e-169,496.0,69.5,Vinca minor
sp|I1TEM0|GO_CATRO,XLS40689.1,50.422,474,229,3,28,498,34,504,2.51e-164,483.0,68.78,Voacanga thouarsii
sp|I1TEM0|GO_CATRO,XLS40692.1,48.413,504,250,4,2,498,5,505,1.89e-161,475.0,67.26,Rhazya stricta
sp|I1TEM0|GO_CATRO,WRI02175.1,48.907,503,248,4,2,498,5,504,4.02e-161,474.0,68.79,Alstonia scholaris
sp|I1TEM0|GO_CATRO,P0DO79.1,47.295,499,260,3,1,499,5,500,4.15e-157,464.0,67.33,Strychnos nux-vomica
sp|I1TEM0|GO_CATRO,P0DO88.1,48.225,479,245,3,21,499,23,498,7.51e-155,458.0,67.64,Strychnos sp.
sp|I1TEM0|GO_CATRO,XLS40682.1,45.378,476,253,4,27,498,33,505,4.0399999999999997e-153,454.0,66.6,Rauvolfia tetraphylla
sp|I1TEM0|GO_CATRO,CAI9094694.1,46.895,467,241,3,28,494,28,487,3.13e-151,448.0,65.31,Oldenlandia corymbosa var. corymbosa
sp|I1TEM0|GO_CATRO,XLS40691.1,47.257,474,244,3,28,498,34,504,1.3e-150,447.0,67.3,Rhazya stricta
sp|W8JWW7|GS_CATRO,A0A9E7LUR3.1,91.484,364,31,0,1,364,1,364,0.0,702.0,97.53,Alstonia scholaris
sp|W8JWW7|GS_CATRO,WPM01483.1,91.233,365,31,1,1,364,1,365,0.0,697.0,97.26,Rauvolfia tetraphylla
sp|W8JWW7|GS_CATRO,YBV67928.1,86.813,364,48,0,1,364,1,364,0.0,675.0,94.78,Tabernanthe iboga
sp|W8JWW7|GS_CATRO,P0DXJ1.1,90.411,365,34,1,1,364,1,365,0.0,671.0,96.44,Rauvolfia serpentina
sp|W8JWW7|GS_CATRO,YFZ31641.1,71.074,363,105,0,1,363,1,363,0.0,547.0,83.75,Strychnos spinosa
sp|W8JWW7|GS_CATRO,YFZ31640.1,71.745,361,101,1,1,361,1,360,0.0,526.0,84.76,Gelsemium sempervirens
sp|W8JWW7|GS_CATRO,WJM00679.1,55.556,360,159,1,1,360,1,359,4.43e-149,432.0,74.44,Mitragyna speciosa
sp|W8JWW7|GS_CATRO,KAI3462151.1,61.08,352,135,2,12,363,11,360,6.2900000000000004e-145,422.0,74.43,Paulownia fortunei
sp|W8JWW7|GS_CATRO,XP_059624102.1,59.429,350,140,2,12,361,11,358,1.71e-142,416.0,75.43,Cornus florida
sp|W8JWW7|GS_CATRO,XP_059624099.1,60.0,350,138,2,12,361,11,358,1.89e-142,416.0,75.43,Cornus florida
sp|W8JWW7|GS_CATRO,CAI9758177.1,59.943,352,139,2,12,363,11,360,3.04e-142,415.0,74.15,Fraxinus pennsylvanica
sp|W8JWW7|GS_CATRO,KAG8383641.1,59.714,350,139,2,12,361,11,358,4.75e-142,414.0,74.0,Buddleja alternifolia
sp|W8JWW7|GS_CATRO,XP_059624104.1,58.807,352,143,2,10,361,5,354,7.19e-142,414.0,75.28,Cornus florida
sp|W8JWW7|GS_CATRO,MIH5288923.1,59.659,352,140,2,12,363,11,360,1.79e-141,413.0,74.43,Antirrhinum majus var. pseudomajus
sp|W8JWW7|GS_CATRO,KAI3464775.1,57.79,353,147,2,11,363,4,354,1.8e-141,413.0,73.65,Paulownia fortunei
sp|W8JWW7|GS_CATRO,CAA2997492.1,59.659,352,140,2,12,363,11,360,3.36e-141,412.0,73.3,Olea europaea subsp. europaea
sp|W8JWW7|GS_CATRO,VFQ99669.1,56.787,361,150,3,1,361,1,355,5.84e-141,412.0,72.02,Cuscuta campestris
sp|W8JWW7|GS_CATRO,XP_059624110.1,58.571,350,143,2,12,361,11,358,6.16e-141,412.0,75.71,Cornus florida
sp|W8JWW7|GS_CATRO,VFQ88114.1,57.064,361,149,3,1,361,1,355,9.04e-141,411.0,72.85,Cuscuta campestris
sp|W8JWW7|GS_CATRO,CAA2972799.1,59.943,352,139,2,12,363,11,360,9.81e-141,411.0,74.15,Olea europaea subsp. europaea
sp|W8JWW7|GS_CATRO,CAA2997493.1,59.375,352,141,2,12,363,11,360,1.0399999999999999e-140,411.0,73.3,Olea europaea subsp. europaea
sp|W8JWW7|GS_CATRO,CAN8757688.1,58.286,350,145,1,12,361,7,355,2.12e-140,410.0,72.0,Galium boreale
sp|W8JWW7|GS_CATRO,AHK06497.1,59.943,352,139,2,12,363,11,360,2.2999999999999997e-140,410.0,73.01,Pogostemon cablin
sp|W8JWW7|GS_CATRO,XP_022851765.1,59.375,352,141,2,12,363,11,360,2.46e-140,410.0,73.01,Olea europaea var. sylvestris
sp|W8JWW7|GS_CATRO,XP_034690888.1,58.166,349,144,2,13,361,12,358,2.54e-140,410.0,74.79,Vitis riparia
sp|W8JWW7|GS_CATRO,CAA2972800.1,59.659,352,140,2,12,363,11,360,3.41e-140,410.0,74.15,Olea europaea subsp. europaea
sp|W8JWW7|GS_CATRO,WPM01484.1,57.382,359,151,2,3,361,2,358,3.5199999999999997e-140,410.0,73.54,Rauvolfia tetraphylla
sp|W8JWW7|GS_CATRO,CAA2972803.1,59.091,352,142,2,12,363,11,360,5.2199999999999995e-140,409.0,73.01,Olea europaea subsp. europaea
sp|W8JWW7|GS_CATRO,KAM7523848.1,59.429,350,140,2,12,361,11,358,5.57e-140,409.0,73.43,Lonicera macranthoides
sp|W8JWW7|GS_CATRO,KAI3451270.1,59.003,361,146,2,3,363,2,360,6.18e-140,410.0,73.13,Paulownia fortunei
sp|W8JWW7|GS_CATRO,KAN3213867.1,59.659,352,139,3,12,363,8,356,6.88e-140,409.0,73.58,Utricularia aurea
sp|W8JWW7|GS_CATRO,CAA2935068.1,59.375,352,141,2,12,363,11,360,6.929999999999999e-140,409.0,72.73,Olea europaea subsp. europaea
sp|W8JWW7|GS_CATRO,XP_059594570.1,58.739,349,142,2,13,361,12,358,8.72e-140,409.0,73.64,Vitis vinifera
sp|W8JWW7|GS_CATRO,WKU61909.1,56.198,363,145,3,1,361,1,351,1.05e-139,408.0,74.93,Mitragyna speciosa
sp|W8JWW7|GS_CATRO,XP_003635435.1,57.88,349,145,2,13,361,12,358,1.1e-139,409.0,74.5,Vitis vinifera
sp|W8JWW7|GS_CATRO,WNF20696.1,58.172,361,141,2,1,361,1,351,1.73e-139,408.0,72.3,Mitragyna speciosa
sp|W8JWW7|GS_CATRO,KAA8531460.1,58.857,350,142,2,12,361,11,358,1.77e-139,408.0,74.0,Nyssa sinensis
sp|W8JWW7|GS_CATRO,CAN8748557.1,58.286,350,145,1,12,361,7,355,1.92e-139,408.0,71.71,Galium boreale
sp|W8JWW7|GS_CATRO,CAA2972805.1,58.807,352,143,2,12,363,11,360,2.0899999999999998e-139,408.0,73.01,Olea europaea subsp. europaea
sp|W8JWW7|GS_CATRO,A0A0U4AHM6.1,57.939,359,149,2,3,361,2,358,4.11e-139,407.0,73.54,Rauvolfia serpentina
sp|W8JWW7|GS_CATRO,KAL2521717.1,58.239,352,145,2,12,363,11,360,4.11e-139,407.0,74.15,Forsythia ovata
sp|W8JWW7|GS_CATRO,KAL3527468.1,59.429,350,140,2,12,361,11,358,6.57e-139,407.0,73.71,Cinchona calisaya
sp|W8JWW7|GS_CATRO,XP_011097456.1,59.943,352,139,2,12,363,11,360,7.66e-139,406.0,73.3,Sesamum indicum
sp|W8JWW7|GS_CATRO,KAL3527267.1,57.895,361,150,2,1,361,1,359,1.6799999999999998e-138,405.0,72.3,Cinchona calisaya
sp|W8JWW7|GS_CATRO,KAA8546675.1,59.143,350,141,2,12,361,11,358,2.26e-138,405.0,74.0,Nyssa sinensis
sp|W8JWW7|GS_CATRO,AAQ20892.1,58.286,350,144,2,12,361,11,358,4.2499999999999996e-138,404.0,74.57,Camptotheca acuminata
sp|W8JIS5|IO_CATRO,AHX24367.1,94.912,511,26,0,5,515,4,514,0.0,1016.0,98.04,Rauvolfia serpentina
sp|W8JIS5|IO_CATRO,XHC56417.1,93.738,511,32,0,5,515,4,514,0.0,989.0,98.04,Ochrosia elliptica
sp|W8JIS5|IO_CATRO,AHX24366.1,93.933,511,31,0,5,515,4,514,0.0,986.0,97.85,Amsonia hubrichtii
sp|W8JIS5|IO_CATRO,AHX24369.1,92.773,512,37,0,4,515,3,514,0.0,975.0,97.27,Vinca minor
sp|W8JIS5|IO_CATRO,AHX24368.1,94.716,511,27,0,5,515,4,514,0.0,969.0,99.02,Tabernaemontana elegans
sp|W8JIS5|IO_CATRO,AHX24365.1,87.524,513,62,2,5,515,4,516,0.0,924.0,95.52,Cinchona calisaya
sp|W8JIS5|IO_CATRO,CAI9097843.1,88.78,508,57,0,8,515,8,515,0.0,907.0,94.69,Oldenlandia corymbosa var. corymbosa
sp|W8JIS5|IO_CATRO,WIE96230.1,88.845,511,57,0,5,515,6,516,0.0,892.0,95.69,Mitragyna speciosa
sp|W8JIS5|IO_CATRO,UQH56964.1,88.845,511,57,0,5,515,6,516,0.0,890.0,95.11,Uncaria rhynchophylla
sp|W8JIS5|IO_CATRO,CAN8752212.1,86.837,509,66,1,8,515,8,516,0.0,885.0,94.11,Galium boreale
sp|W8JIS5|IO_CATRO,AKI87772.1,87.771,507,61,1,10,515,12,518,0.0,878.0,95.27,Gentiana crassa subsp. rigescens
sp|W8JIS5|IO_CATRO,AKJ26120.1,87.771,507,61,1,10,515,12,518,0.0,876.0,95.07,Gentiana crassa subsp. rigescens
sp|W8JIS5|IO_CATRO,XP_071908387.1,79.463,521,101,3,1,515,1,521,0.0,855.0,90.98,Coffea arabica
sp|W8JIS5|IO_CATRO,XP_022866331.1,81.213,511,94,1,5,515,4,512,0.0,850.0,90.22,Olea europaea var. sylvestris
sp|W8JIS5|IO_CATRO,CAA2996947.1,81.018,511,95,1,5,515,4,512,0.0,850.0,90.02,Olea europaea subsp. europaea
sp|W8JIS5|IO_CATRO,KAL2554414.1,80.431,511,98,1,5,515,4,512,0.0,844.0,89.82,Forsythia ovata
sp|W8JIS5|IO_CATRO,KAL2554303.1,80.039,511,100,1,5,515,4,512,0.0,840.0,89.63,Forsythia ovata
sp|W8JIS5|IO_CATRO,ASY08116.1,81.409,511,95,0,5,515,4,514,0.0,839.0,91.39,Nothapodytes nimmoniana
sp|W8JIS5|IO_CATRO,KAK3008065.1,78.32,512,110,1,4,515,13,523,0.0,837.0,90.23,Escallonia herrerae
sp|W8JIS5|IO_CATRO,KAK2997858.1,78.516,512,109,1,4,515,3,513,0.0,834.0,90.04,Escallonia herrerae
sp|W8JIS5|IO_CATRO,KAK2987907.1,78.32,512,110,1,4,515,3,513,0.0,833.0,90.23,Escallonia rubra
sp|W8JIS5|IO_CATRO,KAK2996243.1,78.32,512,110,1,4,515,3,513,0.0,832.0,89.84,Escallonia herrerae
sp|W8JIS5|IO_CATRO,KAL2533581.1,79.061,511,105,1,5,515,4,512,0.0,832.0,89.43,Abeliophyllum distichum
sp|W8JIS5|IO_CATRO,XP_027175083.1,79.655,521,100,3,1,515,1,521,0.0,829.0,90.98,Coffea eugenioides
sp|W8JIS5|IO_CATRO,KAL2533597.1,78.474,511,108,1,5,515,4,512,0.0,828.0,89.04,Abeliophyllum distichum
sp|W8JIS5|IO_CATRO,XP_027069257.2,79.655,521,100,3,1,515,1,521,0.0,827.0,90.98,Coffea arabica
sp|W8JIS5|IO_CATRO,CAA2959810.1,80.039,511,100,1,5,515,4,512,0.0,817.0,89.63,Olea europaea subsp. europaea
sp|W8JIS5|IO_CATRO,CAA3007723.1,79.648,511,102,1,5,515,4,512,0.0,814.0,89.43,Olea europaea subsp. europaea
sp|W8JIS5|IO_CATRO,XP_022899380.1,79.648,511,102,1,5,515,4,512,0.0,813.0,89.43,Olea europaea var. sylvestris
sp|W8JIS5|IO_CATRO,KAK4396455.1,76.772,508,115,1,8,515,7,511,0.0,807.0,89.57,Sesamum angolense
sp|W8JIS5|IO_CATRO,KAG8376656.1,77.756,508,111,2,8,515,319,824,0.0,804.0,88.58,Buddleja alternifolia
sp|W8JIS5|IO_CATRO,KAG8376656.1,40.69,290,163,3,23,311,17,298,4.74e-70,247.0,63.45,Buddleja alternifolia
sp|W8JIS5|IO_CATRO,KAA8516657.1,80.041,486,97,0,27,512,28,513,0.0,802.0,90.12,Nyssa sinensis
sp|W8JIS5|IO_CATRO,KAM7464286.1,76.07,514,121,2,4,515,3,516,0.0,800.0,90.08,Lonicera macranthoides
sp|W8JIS5|IO_CATRO,XP_011094434.1,76.772,508,115,1,8,515,7,511,0.0,799.0,89.57,Sesamum indicum
sp|W8JIS5|IO_CATRO,XP_058204108.1,72.835,508,137,1,7,513,2,509,0.0,798.0,86.42,Rhododendron vialii
sp|W8JIS5|IO_CATRO,KAG5556690.1,73.092,498,132,1,18,513,13,510,0.0,795.0,87.75,Rhododendron griersonianum
sp|W8JIS5|IO_CATRO,KAI3473941.1,75.93,511,120,1,5,515,4,511,0.0,793.0,88.45,Paulownia fortunei
sp|W8JIS5|IO_CATRO,XP_059669433.1,78.629,496,106,0,18,513,13,508,0.0,789.0,89.92,Cornus florida
sp|W8JIS5|IO_CATRO,KAM7531646.1,76.562,512,115,1,4,515,3,509,0.0,789.0,88.48,Lonicera macranthoides
sp|W8JIS5|IO_CATRO,KAM7468304.1,73.084,535,120,3,4,515,3,536,0.0,788.0,86.36,Lonicera macranthoides
sp|W8JIS5|IO_CATRO,XP_058204109.1,74.016,508,131,1,7,513,2,509,0.0,786.0,87.99,Rhododendron vialii
sp|W8JIS5|IO_CATRO,KAK6147119.1,75.538,511,122,1,5,515,4,511,0.0,784.0,87.67,Rehmannia glutinosa
sp|W8JIS5|IO_CATRO,ALV83446.1,84.141,454,72,0,62,515,1,454,0.0,782.0,91.85,Olea europaea subsp. europaea
sp|W8JIS5|IO_CATRO,KAK4481147.1,74.951,511,125,1,5,515,4,511,0.0,781.0,88.26,Penstemon davidsonii
sp|W8JIS5|IO_CATRO,KAM7526118.1,78.395,486,100,1,30,515,29,509,0.0,780.0,89.09,Lonicera macranthoides
sp|W8JIS5|IO_CATRO,AHX24364.1,78.029,487,102,1,29,515,28,509,0.0,780.0,89.32,Lonicera japonica
sp|W8JIS5|IO_CATRO,CAN4758394.1,73.386,511,135,1,5,515,4,513,0.0,779.0,86.11,Veronica longifolia
sp|W8JIS5|IO_CATRO,XP_051130969.1,74.023,512,130,1,4,515,6,514,0.0,779.0,87.5,Andrographis paniculata
sp|K7WDL7|IRIS_CATRO,AMB61018.1,98.966,387,4,0,1,387,1,387,0.0,788.0,99.22,Lonicera japonica
sp|K7WDL7|IRIS_CATRO,XHC56416.1,88.402,388,45,0,1,388,1,388,0.0,725.0,93.3,Ochrosia elliptica
sp|K7WDL7|IRIS_CATRO,XDF18252.1,85.567,388,56,0,1,388,1,388,0.0,705.0,92.27,Gelsemium elegans
sp|K7WDL7|IRIS_CATRO,KAL3505075.1,83.632,391,61,1,1,388,1,391,0.0,687.0,90.54,Cinchona calisaya
sp|K7WDL7|IRIS_CATRO,WIE96229.1,81.679,393,66,1,1,387,1,393,0.0,679.0,90.33,Mitragyna speciosa
sp|K7WDL7|IRIS_CATRO,CAI9115927.1,78.68,394,78,2,1,388,1,394,0.0,652.0,87.06,Oldenlandia corymbosa var. corymbosa
sp|K7WDL7|IRIS_CATRO,CAI9115928.1,74.458,415,79,2,1,388,1,415,0.0,644.0,82.17,Oldenlandia corymbosa var. corymbosa
sp|K7WDL7|IRIS_CATRO,XYA23380.1,77.551,392,84,1,1,388,1,392,0.0,637.0,85.2,Carapichea ipecacuanha
sp|K7WDL7|IRIS_CATRO,CAN8770570.1,76.35,389,91,1,1,388,1,389,0.0,634.0,86.38,Galium boreale
sp|K7WDL7|IRIS_CATRO,ASK39427.1,76.471,391,88,2,1,388,1,390,0.0,632.0,86.7,Swertia mussotii
sp|K7WDL7|IRIS_CATRO,AKI87774.1,76.531,392,87,2,1,388,1,391,0.0,630.0,84.95,Gentiana crassa subsp. rigescens
sp|K7WDL7|IRIS_CATRO,CAN8788750.1,77.635,389,81,4,1,388,1,384,0.0,630.0,86.89,Galium boreale
sp|K7WDL7|IRIS_CATRO,AKI87775.1,76.276,392,88,2,1,388,1,391,0.0,628.0,84.95,Gentiana crassa subsp. rigescens
sp|K7WDL7|IRIS_CATRO,KAK3011715.1,73.815,401,91,2,1,388,1,400,0.0,627.0,83.54,Escallonia herrerae
sp|K7WDL7|IRIS_CATRO,CAK9155403.1,74.485,388,96,1,1,388,1,385,0.0,627.0,85.82,Ilex paraguariensis
sp|K7WDL7|IRIS_CATRO,KAK2999198.1,78.804,368,77,1,21,388,6,372,0.0,619.0,87.77,Escallonia herrerae
sp|K7WDL7|IRIS_CATRO,KAL2471582.1,74.742,388,94,2,1,388,1,384,0.0,617.0,85.05,Abeliophyllum distichum
sp|K7WDL7|IRIS_CATRO,KAK2985645.1,78.261,368,79,1,21,388,35,401,0.0,617.0,87.5,Escallonia rubra
sp|K7WDL7|IRIS_CATRO,KAL2489276.1,74.674,383,93,2,6,388,104,482,0.0,615.0,86.16,Forsythia ovata
sp|K7WDL7|IRIS_CATRO,CAN8783576.1,77.984,377,79,3,13,388,392,765,0.0,615.0,87.8,Galium boreale
sp|K7WDL7|IRIS_CATRO,CAN8783576.1,57.801,391,156,4,1,385,1,388,6.57e-160,475.0,74.94,Galium boreale
sp|K7WDL7|IRIS_CATRO,CAN8764763.1,77.719,377,80,3,13,388,392,765,0.0,613.0,87.53,Galium boreale
sp|K7WDL7|IRIS_CATRO,CAN8764763.1,57.545,391,157,4,1,385,1,388,1.44e-160,477.0,75.19,Galium boreale
sp|K7WDL7|IRIS_CATRO,QOL71526.1,72.564,390,105,1,1,388,1,390,0.0,610.0,84.36,Valeriana jatamansi
sp|K7WDL7|IRIS_CATRO,KAL2489194.1,75.132,378,93,1,11,388,5,381,0.0,610.0,85.98,Forsythia ovata
sp|K7WDL7|IRIS_CATRO,CAI9771365.1,73.028,393,100,2,1,388,1,392,0.0,592.0,82.95,Fraxinus pennsylvanica
sp|K7WDL7|IRIS_CATRO,CAI9115926.1,78.177,362,73,2,1,356,1,362,0.0,588.0,86.46,Oldenlandia corymbosa var. corymbosa
sp|K7WDL7|IRIS_CATRO,ALV83438.1,72.01,393,104,2,1,388,1,392,0.0,587.0,83.21,Olea europaea subsp. europaea
sp|K7WDL7|IRIS_CATRO,QMS55274.1,70.361,388,114,1,2,388,4,391,0.0,587.0,83.51,Gardenia jasminoides
sp|K7WDL7|IRIS_CATRO,XP_022874521.1,71.756,393,105,2,1,388,1,392,0.0,585.0,82.95,Olea europaea var. sylvestris
sp|K7WDL7|IRIS_CATRO,CAA2998868.1,74.394,371,94,1,18,388,24,393,0.0,581.0,85.71,Olea europaea subsp. europaea
sp|K7WDL7|IRIS_CATRO,CAA2999133.1,74.124,371,95,1,18,388,9,378,0.0,579.0,85.71,Olea europaea subsp. europaea
sp|K7WDL7|IRIS_CATRO,XP_071924634.1,69.845,388,116,1,2,388,421,808,0.0,576.0,82.73,Coffea arabica
sp|K7WDL7|IRIS_CATRO,XP_071924634.1,59.288,393,154,3,1,388,1,392,1.27e-165,491.0,74.05,Coffea arabica
sp|B2KPR3|LAMT_CATRO,XHC56420.1,86.29,372,49,2,1,371,1,371,0.0,658.0,91.13,Ochrosia elliptica
sp|B2KPR3|LAMT_CATRO,QDD67562.1,80.914,372,64,2,2,371,8,374,0.0,624.0,88.44,Uncaria tomentosa
sp|B2KPR3|LAMT_CATRO,XYA23383.1,79.57,372,70,3,2,371,11,378,0.0,619.0,88.44,Carapichea ipecacuanha
sp|B2KPR3|LAMT_CATRO,WIE96233.1,80.376,372,66,2,2,371,8,374,0.0,618.0,89.52,Mitragyna speciosa
sp|B2KPR3|LAMT_CATRO,UYZ56985.1,79.893,373,67,3,2,371,8,375,0.0,618.0,89.01,Hamelia patens
sp|B2KPR3|LAMT_CATRO,KAL3508960.1,82.584,356,60,2,18,371,20,375,0.0,614.0,90.73,Cinchona calisaya
sp|B2KPR3|LAMT_CATRO,KAL3508959.1,81.844,358,61,2,18,371,20,377,0.0,609.0,89.94,Cinchona calisaya
sp|B2KPR3|LAMT_CATRO,KAL3502926.1,77.394,376,73,5,1,371,1,369,0.0,602.0,88.3,Cinchona calisaya
sp|B2KPR3|LAMT_CATRO,QWX38535.1,79.564,367,66,3,9,371,20,381,0.0,600.0,87.47,Ophiorrhiza pumila
sp|B2KPR3|LAMT_CATRO,CAI9089024.1,75.141,354,86,2,18,369,9,362,0.0,559.0,86.16,Oldenlandia corymbosa var. corymbosa
sp|B2KPR3|LAMT_CATRO,AMB61019.1,73.743,358,91,3,16,371,11,367,0.0,557.0,86.03,Lonicera japonica
sp|B2KPR3|LAMT_CATRO,KAM7503053.1,72.905,358,94,3,16,371,11,367,0.0,553.0,85.75,Lonicera macranthoides
sp|B2KPR3|LAMT_CATRO,KAM7497720.1,71.978,364,99,3,10,371,5,367,0.0,552.0,84.89,Lonicera macranthoides
sp|B2KPR3|LAMT_CATRO,CAN8781856.1,73.371,353,89,2,22,369,1,353,0.0,551.0,86.97,Galium boreale
sp|B2KPR3|LAMT_CATRO,CAN8777167.1,73.654,353,88,2,22,369,1,353,0.0,551.0,86.69,Galium boreale
sp|B2KPR3|LAMT_CATRO,CAN8800014.1,73.088,353,90,2,22,369,1,353,0.0,550.0,86.97,Galium boreale
sp|B2KPR3|LAMT_CATRO,KAK2966624.1,72.676,355,95,2,18,371,9,362,0.0,546.0,84.51,Escallonia rubra
sp|B2KPR3|LAMT_CATRO,KAK2983370.1,72.676,355,95,2,18,371,9,362,0.0,545.0,84.23,Escallonia rubra
sp|B2KPR3|LAMT_CATRO,KAK2998844.1,71.671,353,98,2,18,369,9,360,0.0,537.0,84.14,Escallonia herrerae
sp|B2KPR3|LAMT_CATRO,KAK3032509.1,71.105,353,100,2,18,369,9,360,0.0,533.0,83.57,Escallonia herrerae
sp|B2KPR3|LAMT_CATRO,KAM7497727.1,68.436,358,110,3,16,371,13,369,0.0,514.0,82.68,Lonicera macranthoides
sp|B2KPR3|LAMT_CATRO,KAM7503061.1,68.156,358,111,3,16,371,13,369,6.38e-180,511.0,82.4,Lonicera macranthoides
sp|B2KPR3|LAMT_CATRO,XP_059664910.1,63.003,373,123,5,2,369,48,410,1.0999999999999999e-172,494.0,79.62,Cornus florida
sp|B2KPR3|LAMT_CATRO,XP_059664911.1,64.444,360,120,5,16,369,3,360,3.3899999999999996e-170,486.0,80.56,Cornus florida
sp|B2KPR3|LAMT_CATRO,XP_059665203.1,64.167,360,121,5,16,369,3,360,8.78e-170,485.0,80.83,Cornus florida
sp|B2KPR3|LAMT_CATRO,CAI9089026.1,75.265,283,69,1,88,369,1,283,1.9700000000000003e-157,451.0,87.28,Oldenlandia corymbosa var. corymbosa
sp|B2KPR3|LAMT_CATRO,KAL6975998.1,62.202,336,121,2,39,369,1,335,1.01e-148,431.0,77.98,Sarracenia purpurea var. burkii
sp|B2KPR3|LAMT_CATRO,WMS56963.1,55.469,384,137,5,18,369,11,392,3.84e-148,432.0,73.44,Nothapodytes tomentosa
sp|B2KPR3|LAMT_CATRO,8WWQ_A,58.64,353,139,3,18,368,10,357,2.16e-144,421.0,75.07,Gardenia jasminoides
sp|B2KPR3|LAMT_CATRO,QVL91739.1,58.64,353,139,3,18,368,36,383,4.1600000000000005e-144,421.0,75.07,Gardenia jasminoides
sp|B2KPR3|LAMT_CATRO,XAX32764.1,58.64,353,139,3,18,368,15,362,5.1000000000000005e-144,420.0,75.07,Gardenia jasminoides
sp|B2KPR3|LAMT_CATRO,XP_058208735.1,54.09,379,154,5,1,371,1,367,2.4299999999999996e-140,411.0,71.77,Rhododendron vialii
sp|B2KPR3|LAMT_CATRO,KAH7844450.1,56.164,365,149,5,12,371,6,364,5.08e-140,410.0,73.42,Vaccinium darrowii
sp|B2KPR3|LAMT_CATRO,KAH7843294.1,56.164,365,149,5,12,371,6,364,6.05e-140,410.0,73.42,Vaccinium darrowii
sp|B2KPR3|LAMT_CATRO,XP_058208733.1,53.034,379,159,4,1,371,1,368,6.44e-140,410.0,71.5,Rhododendron vialii
sp|B2KPR3|LAMT_CATRO,XP_058208732.1,53.989,376,153,5,4,371,31,394,1.18e-138,407.0,71.81,Rhododendron vialii
sp|B2KPR3|LAMT_CATRO,XP_071904222.1,56.056,355,145,4,18,368,34,381,1.0199999999999999e-137,405.0,74.65,Coffea arabica
sp|B2KPR3|LAMT_CATRO,KAK2987309.1,52.809,356,157,4,18,369,15,363,7.480000000000001e-132,389.0,74.44,Escallonia rubra
sp|B2KPR3|LAMT_CATRO,KAF7144724.1,55.263,342,139,4,38,371,2,337,2.16e-131,387.0,73.39,Rhododendron simsii
sp|B2KPR3|LAMT_CATRO,XP_058208727.1,51.105,362,168,3,18,371,23,383,4.67e-131,388.0,71.55,Rhododendron vialii
sp|B2KPR3|LAMT_CATRO,CAI9089025.1,75.417,240,57,2,18,255,9,248,5.31e-131,384.0,85.83,Oldenlandia corymbosa var. corymbosa
sp|B2KPR3|LAMT_CATRO,KAK9271711.1,51.831,355,168,3,15,368,43,395,4.72e-130,386.0,73.24,Liquidambar formosana
sp|B2KPR3|LAMT_CATRO,XP_059664906.1,63.793,290,94,6,16,299,3,287,1.23e-128,381.0,79.31,Cornus florida
sp|B2KPR3|LAMT_CATRO,KAF8407712.1,52.707,351,161,3,22,369,1,349,1.53e-127,378.0,70.37,Tetracentron sinense
sp|B2KPR3|LAMT_CATRO,KAF8407701.1,51.261,357,166,3,18,371,11,362,3.52e-127,377.0,68.63,Tetracentron sinense
sp|B2KPR3|LAMT_CATRO,CAK9177946.1,52.011,348,165,2,22,369,15,360,8.8e-127,376.0,71.26,Ilex paraguariensis
sp|B2KPR3|LAMT_CATRO,KAF7146143.1,53.079,341,147,3,38,370,2,337,1.26e-126,375.0,73.02,Rhododendron simsii
sp|B2KPR3|LAMT_CATRO,KAF7146302.1,52.89,346,144,3,38,371,2,340,1.6799999999999998e-126,375.0,71.97,Rhododendron simsii
ADP00410.1,A0A075D5I4.1,71.28,289,82,1,7,294,1,289,8.31e-154,439.0,84.43,Rauvolfia serpentina
ADP00410.1,A0A075D657.1,69.31,290,88,1,6,294,32,321,1.01e-147,424.0,83.1,Vinca minor
ADP00410.1,A0A075D6M1.1,62.887,291,105,2,7,294,1,291,6.01e-137,396.0,79.04,Rauvolfia serpentina
ADP00410.1,AHH02778.1,65.505,287,97,2,9,293,7,293,4.2e-136,394.0,79.79,Rauvolfia serpentina
ADP00410.1,AHH02783.1,62.63,289,107,1,7,294,1,289,5.12e-132,384.0,78.2,Vinca minor
ADP00410.1,AHH02779.1,62.238,286,107,1,9,293,6,291,6.490000000000001e-132,383.0,77.97,Rauvolfia serpentina
ADP00410.1,AHH02784.1,62.182,275,103,1,21,294,15,289,2.7200000000000002e-124,364.0,79.27,Vinca minor
ADP00410.1,A0A075D654.1,56.701,291,122,3,7,294,1,290,1.3900000000000002e-110,329.0,72.16,Rauvolfia serpentina
ADP00410.1,XP_059625110.1,46.758,293,154,2,2,293,59,350,2.83e-96,295.0,68.94,Cornus florida
ADP00410.1,XP_059659320.1,46.416,293,155,2,2,293,59,350,1.76e-95,293.0,68.26,Cornus florida
ADP00410.1,XP_027097247.1,46.897,290,152,2,5,293,19,307,2.53e-94,288.0,70.69,Coffea arabica
ADP00410.1,XP_027097246.1,46.897,290,152,2,5,293,45,333,2.74e-94,289.0,70.69,Coffea arabica
ADP00410.1,KAJ1702801.1,47.735,287,148,2,8,293,54,339,8.549999999999999e-94,288.0,68.99,Rhynchospora breviuscula
ADP00410.1,XP_059659319.1,46.259,294,155,3,2,293,59,351,9.96e-94,288.0,68.03,Cornus florida
ADP00410.1,XP_071926494.1,46.897,290,152,2,5,293,69,357,1.15e-93,289.0,70.69,Coffea arabica
ADP00410.1,XP_059625111.1,46.416,293,154,3,2,293,59,349,1.24e-93,288.0,68.6,Cornus florida
ADP00410.1,XP_027097244.1,46.897,290,152,2,5,293,101,389,1.7e-93,289.0,70.69,Coffea arabica
ADP00410.1,XP_023767658.1,45.907,281,150,2,14,293,60,339,3.37e-93,287.0,70.46,Lactuca sativa
ADP00410.1,KAO1642913.1,44.898,294,160,2,1,293,53,345,3.5e-93,287.0,70.41,Pilocarpus microphyllus
ADP00410.1,XP_059659322.1,46.075,293,155,3,2,293,59,349,7.63e-93,286.0,67.92,Cornus florida
ADP00410.1,XP_078882444.1,45.907,281,150,2,14,293,60,339,1.02e-92,286.0,70.11,Lactuca serriola
ADP00410.1,KAI3473263.1,45.993,287,153,2,8,293,9,294,2.23e-92,283.0,69.34,Paulownia fortunei
ADP00410.1,XP_078837562.1,45.907,281,150,2,14,293,60,339,2.36e-92,285.0,70.11,Lactuca saligna
ADP00410.1,XP_027100043.1,46.207,290,154,2,5,293,45,333,3.71e-92,284.0,70.0,Coffea arabica
ADP00410.1,XP_027100044.1,46.207,290,154,2,5,293,19,307,3.8e-92,283.0,70.0,Coffea arabica
ADP00410.1,KAJ4759028.1,46.758,293,154,2,2,293,49,340,4.2e-92,284.0,67.58,Rhynchospora pubera
ADP00410.1,PIN08725.1,46.341,287,152,2,8,293,74,359,4.44e-92,285.0,68.99,Handroanthus impetiginosus
ADP00410.1,KAJ4811470.1,46.758,293,154,2,2,293,49,340,4.79e-92,284.0,67.58,Rhynchospora pubera
ADP00410.1,KAJ4746352.1,47.059,289,151,2,6,293,86,373,7.08e-92,285.0,68.17,Rhynchospora pubera
ADP00410.1,XP_027151388.1,46.897,290,152,2,5,293,19,307,1.05e-91,282.0,70.34,Coffea eugenioides
ADP00410.1,GMH19690.1,46.975,281,147,2,14,293,15,294,1.08e-91,281.0,69.75,Nepenthes gracilis
ADP00410.1,CAN8666652.1,45.361,291,157,2,4,293,8,297,1.09e-91,281.0,68.38,Galium boreale
ADP00410.1,KAL3839650.1,45.993,287,153,2,8,293,67,352,1.1299999999999999e-91,284.0,69.69,Penstemon smallii
ADP00410.1,XP_027151387.1,46.897,290,152,2,5,293,45,333,1.8e-91,282.0,70.34,Coffea eugenioides
ADP00410.1,XP_027100042.1,46.207,290,154,2,5,293,101,389,2.15e-91,284.0,70.0,Coffea arabica
ADP00410.1,KAI3473996.1,45.993,287,153,2,8,293,75,360,2.96e-91,283.0,69.34,Paulownia fortunei
ADP00410.1,KAJ4799986.1,47.183,284,148,2,11,293,58,340,3.08e-91,282.0,68.66,Rhynchospora pubera
ADP00410.1,MIM5516248.1,45.423,284,153,2,11,293,76,358,3.4199999999999996e-91,282.0,69.37,Unknown
ADP00410.1,WOL14136.1,44.71,293,161,1,1,293,57,348,3.9099999999999996e-91,282.0,68.26,Canna indica
ADP00410.1,KAJ3707098.1,46.341,287,152,2,8,293,55,340,3.99e-91,281.0,68.29,Rhynchospora tenuis
ADP00410.1,CAN8661365.1,45.017,291,158,2,4,293,8,297,4e-91,280.0,68.38,Galium boreale
sp|A0A2P1GIW4|REDX1_CATRO,YBV67930.1,85.1,349,52,0,1,349,1,349,0.0,593.0,91.98,Tabernanthe iboga
sp|A0A2P1GIW4|REDX1_CATRO,XHA77573.1,71.795,351,99,0,3,353,27,377,6.4599999999999995e-180,511.0,82.34,Mitragyna parvifolia
sp|A0A2P1GIW4|REDX1_CATRO,XHA77574.1,71.51,351,100,0,3,353,27,377,6.1500000000000006e-179,508.0,82.34,Mitragyna speciosa
sp|A0A2P1GIW4|REDX1_CATRO,XHA77576.1,71.51,351,100,0,3,353,27,377,4.51e-178,506.0,81.77,Uncaria rhynchophylla
sp|A0A2P1GIW4|REDX1_CATRO,KAL3527495.1,73.789,351,92,0,3,353,27,377,7.54e-178,506.0,82.05,Cinchona calisaya
sp|A0A2P1GIW4|REDX1_CATRO,XHA77575.1,71.143,350,101,0,3,352,5,354,6.66e-177,502.0,83.43,Cephalanthus occidentalis
sp|A0A2P1GIW4|REDX1_CATRO,WNF20697.1,70.085,351,105,0,3,353,27,377,1.1399999999999999e-174,498.0,80.63,Mitragyna speciosa
sp|A0A2P1GIW4|REDX1_CATRO,YCO90883.1,70.94,351,102,0,3,353,27,377,9.64e-172,490.0,79.77,Cinchona pubescens
sp|A0A2P1GIW4|REDX1_CATRO,GMY12060.1,69.054,349,108,0,5,353,11,359,5.38e-171,488.0,81.38,Fagus crenata
sp|A0A2P1GIW4|REDX1_CATRO,KAL3527584.1,69.914,349,105,0,5,353,7,355,6.2499999999999996e-170,485.0,81.66,Cinchona calisaya
sp|A0A2P1GIW4|REDX1_CATRO,XP_071912772.1,70.94,351,102,0,3,353,5,355,1.05e-169,484.0,80.63,Coffea arabica
sp|A0A2P1GIW4|REDX1_CATRO,XP_059645435.1,68.258,356,106,1,1,349,1,356,1.0700000000000001e-169,484.0,80.34,Cornus florida
sp|A0A2P1GIW4|REDX1_CATRO,CAR5610630.1,68.116,345,110,0,5,349,12,356,1.2300000000000001e-169,484.0,80.58,Unknown
sp|A0A2P1GIW4|REDX1_CATRO,XP_034932162.1,67.714,350,113,0,5,354,11,360,3.29e-169,483.0,80.29,Populus alba
sp|A0A2P1GIW4|REDX1_CATRO,AAW45741.1,67.714,350,113,0,5,354,11,360,3.8e-169,483.0,80.29,Populus tremula x Populus tremuloides
sp|A0A2P1GIW4|REDX1_CATRO,1YQD_A,67.714,350,113,0,5,354,15,364,5.570000000000001e-169,483.0,80.0,Populus tremuloides
sp|A0A2P1GIW4|REDX1_CATRO,KAJ8765636.1,66.762,349,116,0,5,353,11,359,6.670000000000001e-169,482.0,81.09,Erythroxylum novogranatense
sp|A0A2P1GIW4|REDX1_CATRO,AAK58693.1,67.714,350,113,0,5,354,11,360,9.010000000000001e-169,482.0,80.0,Populus tremuloides
sp|A0A2P1GIW4|REDX1_CATRO,KAJ6864807.1,67.429,350,114,0,5,354,11,360,9.620000000000001e-169,482.0,80.29,Populus alba x Populus x berolinensis
sp|A0A2P1GIW4|REDX1_CATRO,WNF20698.1,70.145,345,103,0,5,349,13,357,1.0299999999999999e-168,482.0,80.29,Mitragyna speciosa
sp|A0A2P1GIW4|REDX1_CATRO,XP_027079442.1,70.085,351,105,0,3,353,5,355,1.3999999999999999e-168,481.0,80.34,Coffea arabica
sp|A0A2P1GIW4|REDX1_CATRO,XP_059645436.1,67.416,356,109,1,1,349,1,356,1.64e-168,481.0,80.06,Cornus florida
sp|A0A2P1GIW4|REDX1_CATRO,XP_061955310.1,67.429,350,114,0,5,354,11,360,1.9199999999999999e-168,481.0,80.29,Populus nigra
sp|A0A2P1GIW4|REDX1_CATRO,KAL9373993.1,67.429,350,114,0,5,354,11,360,2.44e-168,481.0,80.0,Populus x canadensis
sp|A0A2P1GIW4|REDX1_CATRO,XP_002322822.2,67.429,350,114,0,5,354,11,360,3.42e-168,480.0,80.0,Populus trichocarpa
sp|A0A2P1GIW4|REDX1_CATRO,XP_011004094.1,67.429,350,114,0,5,354,11,360,5.24e-168,480.0,80.0,Populus euphratica
sp|A0A2P1GIW4|REDX1_CATRO,XP_027178562.1,69.231,351,108,0,3,353,5,355,6.129999999999999e-168,479.0,80.06,Coffea eugenioides
sp|A0A2P1GIW4|REDX1_CATRO,KAL9336543.1,67.143,350,115,0,5,354,11,360,7.28e-168,479.0,80.29,Populus x canadensis
sp|A0A2P1GIW4|REDX1_CATRO,KAK4585050.1,68.481,349,110,0,5,353,12,360,1.1300000000000001e-167,479.0,80.23,Quercus rubra
sp|A0A2P1GIW4|REDX1_CATRO,CAN8813361.1,66.762,349,116,0,5,353,7,355,1.52e-167,478.0,81.38,Galium boreale
sp|A0A2P1GIW4|REDX1_CATRO,KAK9990921.1,68.195,349,111,0,5,353,12,360,1.6200000000000002e-167,479.0,79.66,Lithocarpus litseifolius
sp|A0A2P1GIW4|REDX1_CATRO,XP_027075677.2,69.231,351,108,0,3,353,5,355,2.13e-167,478.0,80.34,Coffea arabica
sp|A0A2P1GIW4|REDX1_CATRO,XP_034677177.1,68.195,349,111,0,5,353,25,373,2.14e-167,479.0,80.23,Vitis riparia
sp|A0A2P1GIW4|REDX1_CATRO,KAH8485330.1,67.143,350,115,0,5,354,11,360,2.56e-167,478.0,80.0,Populus deltoides
sp|A0A2P1GIW4|REDX1_CATRO,XP_027177663.1,69.231,351,108,0,3,353,20,370,2.7700000000000003e-167,479.0,80.34,Coffea eugenioides
sp|A0A2P1GIW4|REDX1_CATRO,XP_075652736.1,68.195,349,111,0,5,353,12,360,3.34e-167,478.0,80.52,Castanea sativa
sp|A0A2P1GIW4|REDX1_CATRO,XP_030969046.1,68.195,349,111,0,5,353,12,360,3.65e-167,478.0,80.52,Quercus lobata
sp|A0A2P1GIW4|REDX1_CATRO,KAF3946821.1,68.195,349,111,0,5,353,16,364,3.98e-167,478.0,80.52,Castanea mollissima
sp|A0A2P1GIW4|REDX1_CATRO,KAK4585052.1,68.195,349,111,0,5,353,12,360,7.51e-167,477.0,79.94,Quercus rubra
sp|A0A2P1GIW4|REDX1_CATRO,KAJ8771215.1,66.476,349,117,0,5,353,11,359,1.01e-166,477.0,79.94,Erythroxylum novogranatense
sp|A0A2P1GIW4|REDX1_CATRO,KAK4585048.1,68.195,349,111,0,5,353,12,360,1.18e-166,476.0,80.23,Quercus rubra
sp|A0A2P1GIW4|REDX1_CATRO,KAM3756810.1,68.195,349,111,0,5,353,12,360,1.2400000000000001e-166,476.0,79.94,Castanea mollissima
sp|A0A2P1GIW4|REDX1_CATRO,KAK4844323.1,66.762,349,116,0,5,353,11,359,1.41e-166,476.0,80.52,Acer negundo
sp|A0A2P1GIW4|REDX1_CATRO,XP_030974480.1,68.195,349,111,0,5,353,12,360,1.46e-166,476.0,79.94,Quercus lobata
sp|A0A2P1GIW4|REDX1_CATRO,CAN8813359.1,66.476,349,117,0,5,353,7,355,1.94e-166,476.0,81.09,Galium boreale
sp|A0A2P1GIW4|REDX1_CATRO,KAM3708994.1,68.195,349,111,0,5,353,12,360,2.1000000000000002e-166,476.0,79.94,Castanea mollissima
sp|A0A2P1GIW4|REDX1_CATRO,KAF3950790.1,68.195,349,111,0,5,353,12,360,2.2200000000000002e-166,476.0,79.94,Castanea mollissima
sp|A0A2P1GIW4|REDX1_CATRO,KAL4644432.1,67.908,349,112,0,5,353,12,360,2.53e-166,476.0,80.23,Castanea dentata
sp|A0A2P1GIY9|REDX2_CATRO,XUJ55406.1,84.83,323,49,0,1,323,1,323,0.0,584.0,93.5,Amsonia tabernaemontana
sp|A0A2P1GIY9|REDX2_CATRO,A0A9E7S518.1,82.663,323,56,0,1,323,1,323,0.0,572.0,91.64,Alstonia scholaris
sp|A0A2P1GIY9|REDX2_CATRO,YBV67931.1,83.282,323,54,0,1,323,1,323,0.0,572.0,91.02,Tabernanthe iboga
sp|A0A2P1GIY9|REDX2_CATRO,A0A9E7S5B9.1,77.399,323,73,0,1,323,1,323,0.0,515.0,87.93,Alstonia scholaris
sp|A0A2P1GIY9|REDX2_CATRO,KAL3512469.1,66.981,318,104,1,6,323,11,327,2.06e-165,471.0,84.59,Cinchona calisaya
sp|A0A2P1GIY9|REDX2_CATRO,XP_027125634.2,66.769,325,105,3,1,323,5,328,3.34e-164,468.0,83.69,Coffea arabica
sp|A0A2P1GIY9|REDX2_CATRO,XP_027167443.1,66.358,324,106,3,1,322,5,327,1.68e-162,463.0,83.02,Coffea eugenioides
sp|A0A2P1GIY9|REDX2_CATRO,KAL3512470.1,66.246,317,106,1,7,323,12,327,5.3e-162,462.0,83.91,Cinchona calisaya
sp|A0A2P1GIY9|REDX2_CATRO,KAL3512468.1,65.723,318,108,1,6,323,11,327,7.04e-162,462.0,83.65,Cinchona calisaya
sp|A0A2P1GIY9|REDX2_CATRO,XP_071901954.1,65.741,324,108,3,1,322,5,327,1.57e-161,461.0,82.41,Coffea arabica
sp|A0A2P1GIY9|REDX2_CATRO,KAL3512473.1,65.409,318,109,1,6,323,7,323,2.5900000000000003e-161,460.0,84.28,Cinchona calisaya
sp|A0A2P1GIY9|REDX2_CATRO,XP_027167445.1,64.506,324,113,2,1,323,1,323,1.9099999999999999e-159,456.0,83.64,Coffea eugenioides
sp|A0A2P1GIY9|REDX2_CATRO,KAL3512474.1,65.094,318,110,1,6,323,11,327,5.54e-159,454.0,83.96,Cinchona calisaya
sp|A0A2P1GIY9|REDX2_CATRO,XP_027167446.1,64.506,324,113,2,1,323,1,323,5.91e-159,454.0,83.33,Coffea eugenioides
sp|A0A2P1GIY9|REDX2_CATRO,KAL3507619.1,65.931,317,107,1,7,323,12,327,5.91e-159,454.0,83.6,Cinchona calisaya
sp|A0A2P1GIY9|REDX2_CATRO,XP_027125636.1,64.506,324,113,2,1,323,1,323,6.379999999999999e-159,454.0,83.33,Coffea arabica
sp|A0A2P1GIY9|REDX2_CATRO,XP_027122930.1,63.889,324,115,2,1,323,1,323,5.82e-158,452.0,82.41,Coffea arabica
sp|A0A2P1GIY9|REDX2_CATRO,XP_027167444.1,63.58,324,116,2,1,323,1,323,1e-156,449.0,82.41,Coffea eugenioides
sp|A0A2P1GIY9|REDX2_CATRO,CDP20573.1,64.0,325,114,3,1,323,5,328,1.12e-156,449.0,83.38,Coffea canephora
sp|A0A2P1GIY9|REDX2_CATRO,XP_054812149.1,63.158,323,118,1,1,323,1,322,2.07e-155,445.0,81.73,Prosopis cineraria
sp|A0A2P1GIY9|REDX2_CATRO,CDP20572.1,64.873,316,108,3,1,314,1,315,6.85e-155,444.0,82.28,Coffea canephora
sp|A0A2P1GIY9|REDX2_CATRO,CAI9113271.1,63.208,318,116,1,6,323,12,328,8.01e-155,444.0,83.02,Oldenlandia corymbosa var. corymbosa
sp|A0A2P1GIY9|REDX2_CATRO,CAI9113270.1,63.208,318,116,1,6,323,72,388,1.24e-153,443.0,83.02,Oldenlandia corymbosa var. corymbosa
sp|A0A2P1GIY9|REDX2_CATRO,XP_028805520.1,61.61,323,123,1,1,323,1,322,6.53e-152,436.0,80.8,Neltuma alba
sp|A0A2P1GIY9|REDX2_CATRO,CAI9113273.1,62.08,327,117,2,2,322,4,329,9.989999999999999e-152,436.0,80.43,Oldenlandia corymbosa var. corymbosa
sp|A0A2P1GIY9|REDX2_CATRO,CDP20574.1,63.072,306,112,1,18,323,1,305,2.81e-150,431.0,82.68,Coffea canephora
sp|A0A2P1GIY9|REDX2_CATRO,CAI9113261.1,61.006,318,123,1,6,323,11,327,1.03e-149,431.0,82.08,Oldenlandia corymbosa var. corymbosa
sp|A0A2P1GIY9|REDX2_CATRO,CAI9113248.1,62.382,319,118,2,6,323,11,328,2.62e-148,427.0,80.88,Oldenlandia corymbosa var. corymbosa
sp|A0A2P1GIY9|REDX2_CATRO,CAI9113260.1,63.636,319,114,2,6,323,11,328,1.15e-147,426.0,80.25,Oldenlandia corymbosa var. corymbosa
sp|A0A2P1GIY9|REDX2_CATRO,CAI9113278.1,60.938,320,124,1,4,323,6,324,6.06e-147,424.0,80.31,Oldenlandia corymbosa var. corymbosa
sp|A0A2P1GIY9|REDX2_CATRO,KAL9334803.1,61.18,322,123,2,3,323,2,322,1.15e-146,423.0,81.37,Populus x canadensis
sp|A0A2P1GIY9|REDX2_CATRO,KAK4280623.1,60.681,323,126,1,1,323,1,322,1.16e-146,423.0,79.57,Acacia crassicarpa
sp|A0A2P1GIY9|REDX2_CATRO,PIN18758.1,60.188,319,126,1,5,323,1,318,1.2299999999999999e-146,423.0,80.56,Handroanthus impetiginosus
sp|A0A2P1GIY9|REDX2_CATRO,XP_059647621.1,60.312,320,126,1,3,322,2,320,2.14e-146,422.0,80.0,Cornus florida
sp|A0A2P1GIY9|REDX2_CATRO,KAK9277910.1,63.009,319,116,2,6,323,5,322,2.7e-146,422.0,79.94,Liquidambar formosana
sp|A0A2P1GIY9|REDX2_CATRO,XP_042501615.1,60.883,317,122,2,7,323,6,320,2.8999999999999997e-146,422.0,81.7,Macadamia integrifolia
sp|A0A2P1GIY9|REDX2_CATRO,XP_038680599.1,61.18,322,123,2,2,322,3,323,4.02e-146,422.0,81.06,Tripterygium wilfordii
sp|A0A2P1GIY9|REDX2_CATRO,XP_027125635.2,64.527,296,103,2,1,295,1,295,1.09e-145,419.0,84.46,Coffea arabica
sp|A0A2P1GIY9|REDX2_CATRO,XP_038687751.1,61.635,318,121,1,6,323,5,321,1.12e-145,421.0,80.82,Tripterygium wilfordii
sp|A0A2P1GIY9|REDX2_CATRO,KAI9087327.1,60.991,323,125,1,1,323,1,322,1.54e-145,420.0,79.57,Acacia pycnantha
sp|A0A2P1GIY9|REDX2_CATRO,XP_061956522.1,61.18,322,123,2,3,323,2,322,1.7e-145,420.0,81.06,Populus nigra
sp|A0A2P1GIY9|REDX2_CATRO,XP_059643953.1,60.125,321,126,2,3,322,2,321,1.75e-145,420.0,80.69,Cornus florida
sp|A0A2P1GIY9|REDX2_CATRO,KAI5568665.1,60.87,322,124,2,3,323,2,322,2.23e-145,420.0,81.06,Populus trichocarpa
sp|A0A2P1GIY9|REDX2_CATRO,XP_011000749.1,60.248,322,126,2,3,323,2,322,3.03e-145,419.0,81.06,Populus euphratica
sp|A0A2P1GIY9|REDX2_CATRO,KAJ9674295.1,60.377,318,124,2,6,322,5,321,6.59e-145,419.0,81.45,Vitis rotundifolia
sp|A0A2P1GIY9|REDX2_CATRO,PIN18776.1,59.561,319,128,1,5,323,1,318,9.89e-145,418.0,80.25,Handroanthus impetiginosus
sp|A0A2P1GIY9|REDX2_CATRO,XP_052301801.1,60.559,322,125,2,3,323,2,322,2.4700000000000002e-144,417.0,80.75,Populus trichocarpa
sp|A0A2P1GIW7|SAT_CATRO,YBV67932.1,77.197,421,93,3,1,420,1,419,0.0,690.0,89.79,Tabernanthe iboga
sp|A0A2P1GIW7|SAT_CATRO,Q70PR7.2,70.449,423,119,5,1,420,1,420,0.0,615.0,83.69,Rauvolfia serpentina
sp|A0A2P1GIW7|SAT_CATRO,CAK9172568.1,47.38,439,206,9,1,420,9,441,2.1399999999999998e-135,403.0,66.74,Ilex paraguariensis
sp|A0A2P1GIW7|SAT_CATRO,XP_059644671.1,49.057,424,192,8,4,410,5,421,2.22e-134,400.0,66.98,Cornus florida
sp|A0A2P1GIW7|SAT_CATRO,XP_059638881.1,48.936,423,198,7,4,412,3,421,3.19e-133,397.0,65.96,Cornus florida
sp|A0A2P1GIW7|SAT_CATRO,XP_059658977.1,46.977,430,204,9,5,417,6,428,1.2700000000000001e-132,395.0,67.21,Cornus florida
sp|A0A2P1GIW7|SAT_CATRO,CAK9168613.1,47.059,425,207,6,1,410,1,422,6.51e-131,391.0,66.35,Ilex paraguariensis
sp|A0A2P1GIW7|SAT_CATRO,XP_071902017.1,47.926,434,204,9,4,419,3,432,1.24e-129,388.0,65.9,Coffea arabica
sp|A0A2P1GIW7|SAT_CATRO,XP_027169292.1,47.465,434,206,9,4,419,3,432,5.479999999999999e-128,384.0,66.36,Coffea eugenioides
sp|A0A2P1GIW7|SAT_CATRO,KAA8542165.1,48.086,418,193,9,4,407,5,412,4.18e-127,381.0,65.07,Nyssa sinensis
sp|A0A2P1GIW7|SAT_CATRO,CAK9172671.1,48.364,428,196,8,1,410,6,426,8.48e-127,381.0,67.29,Ilex paraguariensis
sp|A0A2P1GIW7|SAT_CATRO,XP_027169294.1,45.805,441,207,11,5,418,1,436,3.03e-126,380.0,65.99,Coffea eugenioides
sp|A0A2P1GIW7|SAT_CATRO,XP_071902536.1,45.578,441,208,11,5,418,1,436,3.23e-126,380.0,66.21,Coffea arabica
sp|A0A2P1GIW7|SAT_CATRO,PIN14892.1,45.498,422,210,8,4,414,5,417,4.67e-126,379.0,64.93,Handroanthus impetiginosus
sp|A0A2P1GIW7|SAT_CATRO,CDP15031.1,45.169,445,212,11,1,418,1,440,2.28e-124,375.0,65.62,Coffea canephora
sp|A0A2P1GIW7|SAT_CATRO,KAA8542163.1,47.045,423,195,9,4,407,108,520,5.140000000000001e-123,375.0,64.07,Nyssa sinensis
sp|A0A2P1GIW7|SAT_CATRO,XP_059644282.1,44.941,425,210,8,4,410,5,423,8.17e-123,370.0,65.18,Cornus florida
sp|A0A2P1GIW7|SAT_CATRO,XP_027162825.1,46.774,434,209,9,1,414,1,432,1.15e-121,368.0,63.13,Coffea eugenioides
sp|A0A2P1GIW7|SAT_CATRO,CDP08574.1,46.224,437,213,9,1,417,1,435,1.49e-121,367.0,63.39,Coffea canephora
sp|A0A2P1GIW7|SAT_CATRO,KAL3512591.1,45.455,440,213,11,1,415,1,438,5.53e-121,366.0,65.68,Cinchona calisaya
sp|A0A2P1GIW7|SAT_CATRO,XP_027109682.2,46.544,434,210,9,1,414,1,432,5.66e-121,366.0,63.36,Coffea arabica
sp|A0A2P1GIW7|SAT_CATRO,KAL3533129.1,46.154,442,201,11,1,414,1,433,1.4799999999999999e-120,365.0,64.25,Cinchona calisaya
sp|A0A2P1GIW7|SAT_CATRO,KAI3472586.1,47.281,423,197,11,4,411,5,416,5.68e-120,363.0,66.19,Paulownia fortunei
sp|A0A2P1GIW7|SAT_CATRO,KAL2515212.1,46.604,427,198,10,1,409,1,415,6.98e-119,360.0,65.34,Forsythia ovata
sp|A0A2P1GIW7|SAT_CATRO,PIN14889.1,43.972,423,215,8,5,414,6,419,2.74e-118,359.0,64.3,Handroanthus impetiginosus
sp|A0A2P1GIW7|SAT_CATRO,KAA8542162.1,45.626,423,201,9,4,407,44,456,3.28e-118,360.0,63.83,Nyssa sinensis
sp|A0A2P1GIW7|SAT_CATRO,XP_059638879.1,44.917,423,211,7,4,410,5,421,6.44e-118,358.0,65.01,Cornus florida
sp|A0A2P1GIW7|SAT_CATRO,KAL2515215.1,44.626,428,206,9,4,409,3,421,8.680000000000001e-117,355.0,64.02,Forsythia ovata
sp|A0A2P1GIW7|SAT_CATRO,XUJ55407.1,44.755,429,214,8,4,419,6,424,1.37e-116,354.0,61.07,Rauvolfia serpentina
sp|A0A2P1GIW7|SAT_CATRO,KAL2515092.1,43.925,428,209,9,4,409,3,421,1.46e-116,354.0,64.95,Forsythia ovata
sp|A0A2P1GIW7|SAT_CATRO,KAL2515218.1,44.159,428,208,9,4,409,3,421,2.74e-116,353.0,64.49,Forsythia ovata
sp|A0A2P1GIW7|SAT_CATRO,XP_071902535.1,46.585,410,197,9,4,395,3,408,3.6000000000000003e-116,353.0,65.37,Coffea arabica
sp|A0A2P1GIW7|SAT_CATRO,CAK9143472.1,46.582,395,193,6,31,410,187,578,3.77e-116,358.0,65.32,Ilex paraguariensis
sp|A0A2P1GIW7|SAT_CATRO,CAK9143472.1,48.168,191,96,1,1,191,1,188,4.54e-51,189.0,70.16,Ilex paraguariensis
sp|A0A2P1GIW7|SAT_CATRO,XP_009602470.1,41.844,423,216,9,1,405,1,411,9.49e-116,352.0,65.96,Nicotiana tomentosiformis
sp|A0A2P1GIW7|SAT_CATRO,KAL2515373.1,44.393,428,207,9,4,409,3,421,1.04e-115,352.0,63.79,Forsythia ovata
sp|A0A2P1GIW7|SAT_CATRO,PIN01255.1,44.418,421,213,7,4,414,5,414,1.34e-115,352.0,62.47,Handroanthus impetiginosus
sp|A0A2P1GIW7|SAT_CATRO,KAL2515346.1,43.692,428,210,9,4,409,3,421,2.86e-115,351.0,64.25,Forsythia ovata
sp|A0A2P1GIW7|SAT_CATRO,XP_016477365.1,41.608,423,217,9,1,405,1,411,3.34e-115,350.0,65.96,Nicotiana tabacum
sp|A0A2P1GIW7|SAT_CATRO,KAL3512592.1,44.622,437,215,10,4,419,3,433,8.51e-115,350.0,64.3,Cinchona calisaya
sp|A0A2P1GIW7|SAT_CATRO,XP_022862234.1,45.346,419,200,10,5,404,4,412,1.3e-114,349.0,64.2,Olea europaea var. sylvestris
sp|A0A2P1GIW7|SAT_CATRO,KAI3463653.1,44.313,422,211,9,1,407,1,413,1.32e-114,349.0,64.45,Paulownia fortunei
sp|A0A2P1GIW7|SAT_CATRO,KAL7161773.1,43.439,442,219,13,1,415,1,438,4.5199999999999996e-114,348.0,63.35,Camellia fascicularis
sp|A0A2P1GIW7|SAT_CATRO,KAL2492306.1,44.444,432,205,10,4,409,3,425,4.55e-114,348.0,63.89,Abeliophyllum distichum
sp|A0A2P1GIW7|SAT_CATRO,CAA2939542.1,45.215,418,200,10,5,403,4,411,5.43e-114,347.0,64.11,Olea europaea subsp. europaea
sp|A0A2P1GIW7|SAT_CATRO,KAL2515219.1,43.458,428,211,9,4,409,3,421,8.37e-114,347.0,63.79,Forsythia ovata
sp|A0A2P1GIW7|SAT_CATRO,XP_009773462.2,43.365,422,209,10,1,403,1,411,9.24e-114,347.0,65.17,Nicotiana sylvestris
sp|A0A2P1GIW7|SAT_CATRO,KAL2515216.1,43.458,428,211,9,4,409,3,421,9.43e-114,347.0,63.55,Forsythia ovata
tr|Q9M7N7|Q9M7N7_CATRO,AFI71457.1,71.351,555,138,7,1,554,1,535,0.0,799.0,80.0,Rauvolfia verticillata
tr|Q9M7N7|Q9M7N7_CATRO,Q8GU20.1,70.631,555,138,6,1,554,1,531,0.0,799.0,79.82,Rauvolfia serpentina
tr|Q9M7N7|Q9M7N7_CATRO,YBV67927.1,71.54,513,125,5,45,554,41,535,0.0,757.0,81.48,Tabernanthe iboga
tr|Q9M7N7|Q9M7N7_CATRO,KAM7508712.1,54.409,533,205,7,46,554,12,530,0.0,591.0,68.86,Lonicera macranthoides
tr|Q9M7N7|Q9M7N7_CATRO,KAM7512045.1,54.409,533,205,7,46,554,12,530,0.0,590.0,68.67,Lonicera macranthoides
tr|Q9M7N7|Q9M7N7_CATRO,KAM7508710.1,54.034,533,207,7,46,554,12,530,0.0,586.0,68.48,Lonicera macranthoides
tr|Q9M7N7|Q9M7N7_CATRO,KAM7512042.1,54.034,533,207,7,46,554,12,530,0.0,584.0,68.29,Lonicera macranthoides
tr|Q9M7N7|Q9M7N7_CATRO,WNF20694.1,53.383,532,202,7,46,547,17,532,0.0,579.0,67.48,Mitragyna speciosa
tr|Q9M7N7|Q9M7N7_CATRO,KAL3533007.1,52.328,537,214,6,46,554,17,539,0.0,576.0,68.16,Cinchona calisaya
tr|Q9M7N7|Q9M7N7_CATRO,KAL3533003.1,54.921,508,187,6,46,525,17,510,0.0,575.0,69.69,Cinchona calisaya
tr|Q9M7N7|Q9M7N7_CATRO,9LF6_A,52.166,554,216,10,29,554,1,533,0.0,573.0,67.69,Gelsemium sempervirens
tr|Q9M7N7|Q9M7N7_CATRO,XP_059634684.1,53.502,514,218,6,45,553,18,515,0.0,559.0,68.48,Cornus florida
tr|Q9M7N7|Q9M7N7_CATRO,UTN00717.1,53.475,518,201,6,45,536,17,520,0.0,556.0,68.92,Centaurium erythraea subsp. erythraea
tr|Q9M7N7|Q9M7N7_CATRO,UTN00716.1,53.282,518,202,6,45,536,17,520,0.0,555.0,69.11,Centaurium erythraea subsp. erythraea
tr|Q9M7N7|Q9M7N7_CATRO,KAM7508701.1,51.224,531,225,6,45,554,8,525,0.0,555.0,67.61,Lonicera macranthoides
tr|Q9M7N7|Q9M7N7_CATRO,AES93119.1,51.648,546,221,8,33,553,5,532,0.0,553.0,66.67,Camptotheca acuminata
tr|Q9M7N7|Q9M7N7_CATRO,KAM7511443.1,52.022,544,213,9,43,554,15,542,0.0,550.0,65.99,Lonicera macranthoides
tr|Q9M7N7|Q9M7N7_CATRO,KAM7508125.1,51.838,544,214,9,43,554,15,542,0.0,548.0,65.81,Lonicera macranthoides
tr|Q9M7N7|Q9M7N7_CATRO,KAK3034898.1,52.158,533,215,9,30,538,13,529,0.0,547.0,66.04,Escallonia herrerae
tr|Q9M7N7|Q9M7N7_CATRO,XP_058200437.1,51.233,527,210,6,44,537,22,534,0.0,547.0,65.65,Rhododendron vialii
tr|Q9M7N7|Q9M7N7_CATRO,KAA8549635.1,52.682,522,203,8,45,539,7,511,0.0,547.0,66.86,Nyssa sinensis
tr|Q9M7N7|Q9M7N7_CATRO,XP_059652677.1,54.4,500,198,7,46,529,16,501,0.0,546.0,67.8,Cornus florida
tr|Q9M7N7|Q9M7N7_CATRO,Q9SPP9.1,53.096,533,213,7,46,553,17,537,0.0,545.0,67.35,Rauvolfia serpentina
tr|Q9M7N7|Q9M7N7_CATRO,KAI7991254.1,53.4,500,214,4,40,529,30,520,0.0,543.0,68.8,Camellia lanceoleosa
tr|Q9M7N7|Q9M7N7_CATRO,CAL5433809.1,53.089,518,211,7,30,529,17,520,0.0,541.0,67.37,Camellia sinensis
tr|Q9M7N7|Q9M7N7_CATRO,CAL5357933.1,52.896,518,212,7,30,529,17,520,0.0,541.0,67.18,Camellia sinensis
tr|Q9M7N7|Q9M7N7_CATRO,4ATD_A,54.851,505,191,7,46,525,17,509,0.0,541.0,69.11,Rauvolfia serpentina
tr|Q9M7N7|Q9M7N7_CATRO,XUU14067.1,50.766,522,215,9,45,540,12,517,0.0,540.0,67.43,Camptotheca acuminata
tr|Q9M7N7|Q9M7N7_CATRO,CAL5437784.1,52.896,518,212,7,30,529,17,520,0.0,540.0,67.37,Camellia sinensis
tr|Q9M7N7|Q9M7N7_CATRO,KAI8526351.1,50.867,519,208,6,44,529,22,526,0.0,540.0,66.09,Rhododendron molle
tr|Q9M7N7|Q9M7N7_CATRO,3U57_A,54.653,505,192,7,46,525,17,509,0.0,540.0,69.11,Rauvolfia serpentina
tr|Q9M7N7|Q9M7N7_CATRO,KAL7227099.1,53.2,500,215,4,40,529,30,520,0.0,539.0,68.2,Camellia fascicularis
tr|Q9M7N7|Q9M7N7_CATRO,XP_082755941.1,52.896,518,212,7,30,529,21,524,0.0,539.0,66.99,Camellia sinensis
tr|Q9M7N7|Q9M7N7_CATRO,GMQ00632.1,52.51,518,214,7,30,529,17,520,0.0,538.0,66.99,Camellia sinensis var. sinensis
tr|Q9M7N7|Q9M7N7_CATRO,KAL7199246.1,53.0,500,216,4,40,529,30,520,0.0,537.0,68.2,Camellia fascicularis
tr|Q9M7N7|Q9M7N7_CATRO,GLT57776.1,54.786,491,201,5,46,529,29,505,0.0,537.0,69.25,Shorea laevis
tr|Q9M7N7|Q9M7N7_CATRO,GMD25905.1,50.973,514,210,7,46,530,22,522,0.0,537.0,68.68,Ipomoea batatas
tr|Q9M7N7|Q9M7N7_CATRO,QCD88437.1,53.157,491,209,6,46,529,38,514,0.0,536.0,71.08,Vigna unguiculata
tr|Q9M7N7|Q9M7N7_CATRO,KAL3533004.1,50.279,537,208,7,46,554,17,522,0.0,536.0,65.18,Cinchona calisaya
tr|Q9M7N7|Q9M7N7_CATRO,XP_027910736.2,53.36,491,208,6,46,529,38,514,0.0,536.0,71.08,Vigna unguiculata
tr|Q9M7N7|Q9M7N7_CATRO,XP_027910735.2,53.36,491,208,6,46,529,38,514,0.0,536.0,71.08,Vigna unguiculata
tr|Q9M7N7|Q9M7N7_CATRO,KAL2481845.1,50.672,521,220,5,46,545,50,554,0.0,536.0,66.41,Abeliophyllum distichum
tr|Q9M7N7|Q9M7N7_CATRO,XP_027174620.1,53.862,492,210,8,46,534,11,488,0.0,535.0,68.7,Coffea eugenioides
sp|Q05047|SLS1_CATRO,AGX93047.1,93.321,524,35,0,1,524,1,524,0.0,1030.0,96.56,Rauvolfia serpentina
sp|Q05047|SLS1_CATRO,AGX93046.1,92.366,524,40,0,1,524,1,524,0.0,1019.0,96.56,Amsonia hubrichtii
sp|Q05047|SLS1_CATRO,AGX93049.1,91.221,524,46,0,1,524,1,524,0.0,1016.0,96.18,Vinca minor
sp|Q05047|SLS1_CATRO,XHC56421.1,92.912,522,37,0,1,522,1,522,0.0,999.0,96.93,Ochrosia elliptica
sp|Q05047|SLS1_CATRO,AGX93048.1,91.031,524,47,0,1,524,1,524,0.0,970.0,95.42,Tabernaemontana elegans
sp|Q05047|SLS1_CATRO,WIE96234.1,86.372,521,71,0,3,523,1,521,0.0,949.0,92.9,Mitragyna speciosa
sp|Q05047|SLS1_CATRO,KAL3537460.1,85.221,521,77,0,3,523,1,521,0.0,941.0,93.09,Cinchona calisaya
sp|Q05047|SLS1_CATRO,QWX38536.1,83.174,523,87,1,1,523,1,522,0.0,931.0,92.93,Ophiorrhiza pumila
sp|Q05047|SLS1_CATRO,WRW51048.1,84.453,521,81,0,3,523,1,521,0.0,931.0,92.51,Uncaria rhynchophylla
sp|Q05047|SLS1_CATRO,BAP90521.1,83.527,516,85,0,8,523,5,520,0.0,926.0,92.83,Ophiorrhiza pumila
sp|Q05047|SLS1_CATRO,WMS56962.1,76.628,522,121,1,1,522,1,521,0.0,866.0,89.27,Nothapodytes tomentosa
sp|Q05047|SLS1_CATRO,KAM7476746.1,77.539,512,115,0,11,522,10,521,0.0,865.0,88.48,Lonicera macranthoides
sp|Q05047|SLS1_CATRO,AGX93044.1,76.346,520,123,0,3,522,1,520,0.0,864.0,88.46,Lonicera japonica
sp|Q05047|SLS1_CATRO,KAM7472525.1,76.154,520,124,0,3,522,1,520,0.0,863.0,88.46,Lonicera macranthoides
sp|Q05047|SLS1_CATRO,KAM7476744.1,75.962,520,125,0,3,522,1,520,0.0,862.0,88.46,Lonicera macranthoides
sp|Q05047|SLS1_CATRO,AQW38832.1,76.054,522,124,1,1,522,1,521,0.0,862.0,88.89,Nothapodytes nimmoniana
sp|Q05047|SLS1_CATRO,AGX93045.1,77.027,518,119,0,5,522,1,518,0.0,861.0,88.42,Cinchona calisaya
sp|Q05047|SLS1_CATRO,KAM7472526.1,78.884,502,106,0,21,522,1,502,0.0,861.0,89.44,Lonicera macranthoides
sp|Q05047|SLS1_CATRO,WHM27864.1,74.664,521,132,0,3,523,1,521,0.0,860.0,89.25,Gentiana crassicaulis
sp|Q05047|SLS1_CATRO,KAL3537457.1,77.027,518,119,0,5,522,1,518,0.0,859.0,88.03,Cinchona calisaya
sp|Q05047|SLS1_CATRO,WHM27863.1,74.472,521,133,0,3,523,1,521,0.0,857.0,88.87,Gentiana crassicaulis
sp|Q05047|SLS1_CATRO,KAL3516465.1,76.301,519,123,0,5,523,1,519,0.0,855.0,88.82,Cinchona calisaya
sp|Q05047|SLS1_CATRO,XYA23384.1,76.85,527,116,5,1,522,1,526,0.0,852.0,88.43,Carapichea ipecacuanha
sp|Q05047|SLS1_CATRO,QAS69007.1,74.615,520,132,0,3,522,1,520,0.0,852.0,89.04,Swertia mussotii
sp|Q05047|SLS1_CATRO,BBI55002.1,73.129,521,140,0,3,523,1,521,0.0,838.0,87.72,Swertia japonica
sp|Q05047|SLS1_CATRO,WHM27862.1,73.964,507,132,0,3,509,1,507,0.0,827.0,88.56,Gentiana crassicaulis
sp|Q05047|SLS1_CATRO,QWX38538.1,70.058,521,155,1,3,522,1,521,0.0,798.0,85.99,Ophiorrhiza pumila
sp|Q05047|SLS1_CATRO,KAM7523456.1,70.385,520,154,0,3,522,1,520,0.0,794.0,83.85,Lonicera macranthoides
sp|Q05047|SLS1_CATRO,QWX38537.1,74.597,496,124,2,3,496,1,496,0.0,794.0,86.9,Ophiorrhiza pumila
sp|Q05047|SLS1_CATRO,KAM7528991.1,68.846,520,162,0,3,522,1,520,0.0,781.0,83.65,Lonicera macranthoides
sp|Q05047|SLS1_CATRO,KAL3502754.1,69.674,521,158,0,3,523,1,521,0.0,778.0,85.41,Cinchona calisaya
sp|Q05047|SLS1_CATRO,KAL3537465.1,67.054,516,161,1,6,521,3,509,0.0,759.0,83.14,Cinchona calisaya
sp|Q05047|SLS1_CATRO,QNL13416.1,64.885,524,184,0,1,524,1,524,0.0,758.0,83.4,Camptotheca acuminata
sp|Q05047|SLS1_CATRO,QDC27813.1,64.943,522,183,0,3,524,1,522,0.0,758.0,82.76,Camptotheca acuminata
sp|Q05047|SLS1_CATRO,KAA8526713.1,65.192,520,181,0,3,522,1,520,0.0,756.0,82.5,Nyssa sinensis
sp|Q05047|SLS1_CATRO,KAA8524066.1,64.299,521,186,0,3,523,1,521,0.0,752.0,82.92,Nyssa sinensis
sp|Q05047|SLS1_CATRO,KAM7523457.1,67.115,520,158,1,3,522,1,507,0.0,751.0,81.54,Lonicera macranthoides
sp|Q05047|SLS1_CATRO,QDC27812.1,63.359,524,192,0,1,524,1,524,0.0,749.0,82.63,Camptotheca acuminata
sp|Q05047|SLS1_CATRO,ADU19849.1,63.359,524,192,0,1,524,1,524,0.0,749.0,82.63,Camptotheca acuminata
sp|Q05047|SLS1_CATRO,KAA8526716.1,64.231,520,186,0,3,522,1,520,0.0,746.0,81.15,Nyssa sinensis
sp|Q05047|SLS1_CATRO,XYA23391.1,64.672,518,182,1,5,522,1,517,0.0,744.0,82.82,Alangium salviifolium
sp|Q05047|SLS1_CATRO,KAA8526717.1,64.231,520,186,0,3,522,1,520,0.0,743.0,80.96,Nyssa sinensis
sp|Q05047|SLS1_CATRO,QNL13418.1,60.461,521,203,1,3,523,1,518,0.0,695.0,78.89,Camptotheca acuminata
sp|Q05047|SLS1_CATRO,XP_059636257.1,59.302,516,207,3,10,524,30,543,0.0,675.0,79.46,Cornus florida
sp|P18417|STSY_CATRO,P68175.1,78.977,352,65,3,1,352,1,343,0.0,562.0,89.2,Rauvolfia serpentina
sp|P18417|STSY_CATRO,2FP8_A,82.209,326,53,2,27,352,1,321,0.0,559.0,91.72,Rauvolfia serpentina
sp|P18417|STSY_CATRO,8WKL_A,82.919,322,50,2,31,352,1,317,0.0,558.0,92.24,Rauvolfia serpentina
sp|P18417|STSY_CATRO,P68174.1,79.083,349,64,3,4,352,2,341,0.0,557.0,89.4,Rauvolfia mannii
sp|P18417|STSY_CATRO,6N5V_A,82.812,320,50,2,33,352,1,315,0.0,554.0,92.19,Rauvolfia serpentina
sp|P18417|STSY_CATRO,2FPB_A,81.988,322,53,2,31,352,5,321,0.0,548.0,90.68,Rauvolfia serpentina
sp|P18417|STSY_CATRO,2V91_A,83.553,304,48,1,36,339,1,302,0.0,539.0,93.09,Rauvolfia serpentina
sp|P18417|STSY_CATRO,AEY82399.1,78.125,320,67,2,33,352,20,336,0.0,528.0,88.12,Vinca minor
sp|P18417|STSY_CATRO,AEY82398.1,71.935,310,84,2,37,346,31,337,8.26e-171,486.0,87.42,Tabernaemontana elegans
sp|P18417|STSY_CATRO,YGO55951.1,55.398,352,145,4,1,352,1,340,4.03e-137,401.0,73.01,Gelsemium elegans
sp|P18417|STSY_CATRO,AXK92563.1,54.519,343,136,4,5,344,7,332,2.65e-134,394.0,73.76,Gelsemium sempervirens
sp|P18417|STSY_CATRO,USE06681.1,54.572,339,138,7,11,348,1,324,4.5399999999999994e-126,373.0,72.27,Uncaria rhynchophylla
sp|P18417|STSY_CATRO,KAL3524955.1,58.333,300,116,4,39,337,32,323,8.869999999999999e-126,372.0,76.33,Cinchona calisaya
sp|P18417|STSY_CATRO,WIE96235.1,54.885,348,137,8,3,348,2,331,1.3e-125,372.0,70.69,Mitragyna speciosa
sp|P18417|STSY_CATRO,KAL3524956.1,58.0,300,117,4,39,337,32,323,2.3200000000000002e-125,371.0,76.33,Cinchona calisaya
sp|P18417|STSY_CATRO,ABZ79473.1,54.885,348,137,8,3,348,2,331,3.33e-124,369.0,70.11,Mitragyna speciosa
sp|P18417|STSY_CATRO,XKQ11353.1,57.333,300,119,4,39,337,32,323,1.3900000000000001e-123,367.0,75.67,Cinchona pubescens
sp|P18417|STSY_CATRO,ADK91432.1,54.31,348,139,8,3,348,2,331,2.01e-122,364.0,69.83,Mitragyna speciosa
sp|P18417|STSY_CATRO,6S5J_A,56.667,300,121,4,39,337,10,301,8.84e-121,359.0,75.0,Ophiorrhiza pumila
sp|P18417|STSY_CATRO,BAB47180.1,56.667,300,121,4,39,337,32,323,1.24e-120,359.0,75.0,Ophiorrhiza pumila
sp|P18417|STSY_CATRO,ACF21007.1,56.667,300,121,4,39,337,32,323,4.8e-120,358.0,74.33,Ophiorrhiza japonica
sp|P18417|STSY_CATRO,KAL3509714.1,55.96,302,121,6,40,337,26,319,1.8e-117,351.0,74.17,Cinchona calisaya
sp|P18417|STSY_CATRO,USZ80136.1,54.369,309,128,6,32,337,29,327,2.43e-117,351.0,72.82,Uncaria rhynchophylla
sp|P18417|STSY_CATRO,YDH27071.1,53.548,310,132,5,39,348,33,330,1.43e-115,346.0,71.94,Pogonopus speciosus
sp|P18417|STSY_CATRO,AFB70990.1,59.615,260,96,4,65,322,1,253,1.59e-106,320.0,75.0,Mitragyna speciosa
sp|P18417|STSY_CATRO,KAL3512344.1,42.368,321,173,3,9,329,5,313,1.17e-84,266.0,59.5,Cinchona calisaya
sp|P18417|STSY_CATRO,AEL97643.1,79.874,159,28,2,194,352,1,155,1.51e-84,260.0,88.05,Amsonia tabernaemontana
sp|P18417|STSY_CATRO,KAM7471197.1,44.136,324,168,6,9,330,5,317,6.39e-84,265.0,60.19,Lonicera macranthoides
sp|P18417|STSY_CATRO,KAM7502580.1,40.533,338,182,6,7,342,2,322,1.8e-83,263.0,58.88,Lonicera macranthoides
sp|P18417|STSY_CATRO,KAM7479766.1,40.237,338,183,6,7,342,2,322,3.68e-83,263.0,59.17,Lonicera macranthoides
sp|P18417|STSY_CATRO,KAM7497213.1,41.104,326,173,6,7,330,2,310,6.88e-83,262.0,61.35,Lonicera macranthoides
sp|P18417|STSY_CATRO,KAM7497216.1,40.237,338,183,6,7,342,2,322,1.2199999999999999e-82,261.0,58.28,Lonicera macranthoides
sp|P18417|STSY_CATRO,KAM7479768.1,41.667,324,175,5,7,330,2,311,1.62e-82,261.0,60.8,Lonicera macranthoides
sp|P18417|STSY_CATRO,KAM7502579.1,40.798,326,174,6,7,330,2,310,2.4499999999999998e-82,261.0,61.04,Lonicera macranthoides
sp|P18417|STSY_CATRO,XP_010663511.1,42.633,319,177,3,22,339,17,330,1.06e-81,259.0,59.25,Vitis vinifera
sp|P18417|STSY_CATRO,XP_050238081.1,41.304,322,184,3,11,329,19,338,3.56e-81,259.0,59.63,Mercurialis annua
sp|P18417|STSY_CATRO,KAM7471196.1,42.9,331,177,7,1,330,1,320,4.32e-81,258.0,60.42,Lonicera macranthoides
sp|P18417|STSY_CATRO,KAJ4713290.1,43.522,301,160,4,40,337,26,319,1.57e-80,256.0,61.79,Melia azedarach
sp|P18417|STSY_CATRO,KAM7478334.1,41.59,327,173,7,5,330,8,317,2.13e-80,256.0,60.55,Lonicera macranthoides
sp|P18417|STSY_CATRO,KAM7479765.1,41.745,321,171,4,10,330,16,320,2.2e-80,256.0,58.26,Lonicera macranthoides
sp|P18417|STSY_CATRO,XP_059639506.1,39.583,336,190,5,11,337,1,332,3.43e-80,256.0,59.52,Cornus florida
sp|P18417|STSY_CATRO,XP_027088110.1,39.755,327,187,3,10,336,8,324,5.38e-80,256.0,60.24,Coffea arabica
sp|P18417|STSY_CATRO,XP_071920386.1,39.755,327,187,3,10,336,8,324,6.13e-80,255.0,60.24,Coffea arabica
sp|P18417|STSY_CATRO,KAK2997344.1,40.356,337,184,6,1,336,1,321,8.04e-80,254.0,60.24,Escallonia herrerae
sp|P18417|STSY_CATRO,XP_027183854.1,39.45,327,188,3,10,336,4,320,1.2500000000000001e-79,254.0,60.24,Coffea eugenioides
sp|P18417|STSY_CATRO,XP_038688092.1,42.073,328,181,4,12,337,26,346,1.31e-79,254.0,59.45,Tripterygium wilfordii
sp|P18417|STSY_CATRO,KAL3512343.1,42.561,289,161,3,43,330,30,314,1.4700000000000002e-79,254.0,63.67,Cinchona calisaya
sp|U5HKE8|C71DZ_CATRO,XDF89438.1,61.493,509,190,3,1,509,1,503,0.0,653.0,76.42,Tabernaemontana litoralis
sp|U5HKE8|C71DZ_CATRO,XUJ55404.1,60.588,510,194,4,1,509,1,504,0.0,644.0,76.47,Tabernaemontana elegans
sp|U5HKE8|C71DZ_CATRO,XP_027061897.1,59.562,502,195,4,10,508,9,505,0.0,631.0,76.69,Coffea arabica
sp|U5HKE8|C71DZ_CATRO,A0A2Z5P2H9.1,59.332,509,202,2,1,509,1,504,0.0,629.0,74.85,Tabernanthe iboga
sp|U5HKE8|C71DZ_CATRO,XP_071906309.1,59.245,503,196,5,10,508,9,506,0.0,629.0,76.74,Coffea arabica
sp|U5HKE8|C71DZ_CATRO,XP_027127449.2,57.812,512,208,5,1,509,1,507,0.0,628.0,77.34,Coffea arabica
sp|U5HKE8|C71DZ_CATRO,XP_027183678.1,57.812,512,208,5,1,509,1,507,0.0,627.0,77.34,Coffea eugenioides
sp|U5HKE8|C71DZ_CATRO,XP_027063416.2,57.534,511,209,5,1,508,1,506,0.0,627.0,77.5,Coffea arabica
sp|U5HKE8|C71DZ_CATRO,XP_027185027.1,59.363,502,196,4,10,508,9,505,0.0,627.0,76.49,Coffea eugenioides
sp|U5HKE8|C71DZ_CATRO,XP_027183679.1,57.617,512,209,5,1,509,1,507,0.0,626.0,77.15,Coffea eugenioides
sp|U5HKE8|C71DZ_CATRO,KAL3509419.1,59.486,506,197,5,7,509,6,506,0.0,619.0,76.48,Cinchona calisaya
sp|U5HKE8|C71DZ_CATRO,XP_031278227.1,58.121,511,203,5,1,506,528,1032,0.0,612.0,75.34,Pistacia vera
sp|U5HKE8|C71DZ_CATRO,XP_031278227.1,56.639,482,204,3,31,512,36,512,0.0,573.0,73.86,Pistacia vera
sp|U5HKE8|C71DZ_CATRO,XP_027115698.1,58.366,514,208,4,1,512,1,510,0.0,608.0,78.21,Coffea arabica
sp|U5HKE8|C71DZ_CATRO,XP_027183307.1,57.692,494,202,3,17,508,16,504,0.0,607.0,76.52,Coffea eugenioides
sp|U5HKE8|C71DZ_CATRO,KAL3503596.1,57.769,502,204,4,10,509,9,504,0.0,604.0,75.9,Cinchona calisaya
sp|U5HKE8|C71DZ_CATRO,XP_027170055.1,57.49,494,203,3,17,508,16,504,0.0,604.0,76.92,Coffea eugenioides
sp|U5HKE8|C71DZ_CATRO,XP_027185714.1,57.49,494,203,3,17,508,16,504,0.0,603.0,76.92,Coffea eugenioides
sp|U5HKE8|C71DZ_CATRO,XP_027166633.1,57.393,514,213,4,1,512,1,510,0.0,603.0,77.43,Coffea eugenioides
sp|U5HKE8|C71DZ_CATRO,XP_027120747.1,57.393,514,213,4,1,512,1,510,0.0,603.0,77.63,Coffea arabica
sp|U5HKE8|C71DZ_CATRO,CDP10868.1,57.393,514,213,4,1,512,1,510,0.0,603.0,77.24,Coffea canephora
sp|U5HKE8|C71DZ_CATRO,KAL3503594.1,57.916,499,202,4,10,506,9,501,0.0,602.0,75.95,Cinchona calisaya
sp|U5HKE8|C71DZ_CATRO,CAK9155047.1,57.312,506,207,6,7,509,10,509,0.0,601.0,75.49,Ilex paraguariensis
sp|U5HKE8|C71DZ_CATRO,KAI8010944.1,58.052,503,202,5,9,508,29,525,0.0,601.0,74.35,Camellia lanceoleosa
sp|U5HKE8|C71DZ_CATRO,XP_027084371.1,57.287,494,204,3,17,508,16,504,0.0,601.0,76.52,Coffea arabica
sp|U5HKE8|C71DZ_CATRO,XP_027063807.1,57.085,494,205,3,17,508,16,504,0.0,600.0,76.72,Coffea arabica
sp|U5HKE8|C71DZ_CATRO,XP_027061101.1,57.085,494,205,3,17,508,16,504,0.0,598.0,76.32,Coffea arabica
sp|U5HKE8|C71DZ_CATRO,KAL7217797.1,58.25,503,201,5,9,508,12,508,0.0,598.0,73.76,Camellia fascicularis
sp|U5HKE8|C71DZ_CATRO,CDP17724.1,57.085,494,205,3,17,508,16,504,0.0,597.0,76.32,Coffea canephora
sp|U5HKE8|C71DZ_CATRO,CAL5392569.1,57.654,503,204,5,9,508,29,525,0.0,597.0,73.96,Camellia sinensis
sp|U5HKE8|C71DZ_CATRO,GMP52207.1,57.455,503,205,5,9,508,29,525,0.0,595.0,73.76,Camellia sinensis var. sinensis
sp|U5HKE8|C71DZ_CATRO,XP_071904372.1,55.378,502,215,4,10,508,9,504,0.0,594.0,75.9,Coffea arabica
sp|U5HKE8|C71DZ_CATRO,THG16343.1,57.256,503,206,5,9,508,29,525,0.0,594.0,73.76,Camellia sinensis var. sinensis
sp|U5HKE8|C71DZ_CATRO,XOK36673.1,58.468,496,199,3,17,509,16,507,0.0,593.0,76.21,Tabernaemontana elegans
sp|U5HKE8|C71DZ_CATRO,XP_027061898.1,55.466,494,214,4,17,508,35,524,0.0,593.0,76.72,Coffea arabica
sp|U5HKE8|C71DZ_CATRO,XP_027062512.1,55.668,494,213,4,17,508,35,524,0.0,593.0,76.32,Coffea arabica
sp|U5HKE8|C71DZ_CATRO,CAK9155048.1,58.557,485,195,4,25,509,41,519,0.0,592.0,75.46,Ilex paraguariensis
sp|U5HKE8|C71DZ_CATRO,XP_028065313.2,56.859,503,208,5,9,508,29,525,0.0,592.0,73.76,Camellia sinensis
sp|U5HKE8|C71DZ_CATRO,XP_027170054.1,56.224,482,207,3,27,508,28,505,0.0,591.0,77.39,Coffea eugenioides
sp|U5HKE8|C71DZ_CATRO,XP_027127107.1,56.707,492,206,3,17,508,16,500,0.0,590.0,74.8,Coffea arabica
sp|U5HKE8|C71DZ_CATRO,KAL4618706.1,57.317,492,204,4,18,509,20,505,0.0,590.0,75.81,Castanea dentata
sp|I1TEM1|T3O_CATRO,YCQ69669.1,69.565,506,144,5,1,502,3,502,0.0,708.0,83.6,Vinca minor
sp|I1TEM1|T3O_CATRO,XP_027067856.1,55.556,495,210,6,16,505,14,503,0.0,565.0,73.74,Coffea arabica
sp|I1TEM1|T3O_CATRO,XDF89439.1,56.184,477,202,4,31,505,31,502,0.0,564.0,75.05,Tabernaemontana litoralis
sp|I1TEM1|T3O_CATRO,KAL3529971.1,56.875,480,197,6,31,505,33,507,0.0,562.0,74.17,Cinchona calisaya
sp|I1TEM1|T3O_CATRO,XP_027170794.1,55.556,495,210,6,16,505,14,503,0.0,562.0,73.33,Coffea eugenioides
sp|I1TEM1|T3O_CATRO,KAL2525457.1,56.9,471,196,3,37,505,39,504,0.0,561.0,74.31,Abeliophyllum distichum
sp|I1TEM1|T3O_CATRO,KAK4435786.1,56.144,472,199,4,37,505,37,503,0.0,561.0,75.85,Sesamum alatum
sp|I1TEM1|T3O_CATRO,XLZ13771.1,56.184,477,202,4,31,505,31,502,0.0,561.0,74.84,Tabernaemontana elegans
sp|I1TEM1|T3O_CATRO,CAA3006604.1,56.723,476,199,3,32,505,33,503,0.0,560.0,74.58,Olea europaea subsp. europaea
sp|I1TEM1|T3O_CATRO,KAL2525483.1,53.15,508,226,5,1,505,6,504,0.0,560.0,72.44,Abeliophyllum distichum
sp|I1TEM1|T3O_CATRO,KAK4435787.1,55.626,471,202,3,37,505,37,502,0.0,560.0,76.22,Sesamum alatum
sp|I1TEM1|T3O_CATRO,KAL2548329.1,52.86,507,229,5,1,505,6,504,0.0,559.0,72.58,Forsythia ovata
sp|I1TEM1|T3O_CATRO,KAK4573502.1,55.967,486,205,5,25,506,24,504,0.0,558.0,74.07,Quercus rubra
sp|I1TEM1|T3O_CATRO,KAL2548214.1,52.86,507,229,5,1,505,6,504,0.0,558.0,71.99,Forsythia ovata
sp|I1TEM1|T3O_CATRO,KAL2548306.1,53.057,507,228,5,1,505,6,504,0.0,558.0,72.39,Forsythia ovata
sp|I1TEM1|T3O_CATRO,XP_022856084.1,56.513,476,200,3,32,505,33,503,0.0,558.0,74.37,Olea europaea var. sylvestris
sp|I1TEM1|T3O_CATRO,KAK7855284.1,55.556,486,207,5,25,506,89,569,0.0,557.0,73.87,Quercus suber
sp|I1TEM1|T3O_CATRO,KAK7855284.1,47.368,76,40,0,33,108,9,84,8.09e-08,64.3,59.21,Quercus suber
sp|I1TEM1|T3O_CATRO,XP_023905960.2,55.556,486,207,5,25,506,24,504,0.0,557.0,73.87,Quercus suber
sp|I1TEM1|T3O_CATRO,CAA2986827.1,56.303,476,201,3,32,505,33,503,0.0,556.0,73.95,Olea europaea subsp. europaea
sp|I1TEM1|T3O_CATRO,KAI3468318.1,55.957,470,195,4,38,505,38,497,0.0,556.0,75.32,Paulownia fortunei
sp|I1TEM1|T3O_CATRO,KAK9993082.1,55.372,484,207,5,27,506,39,517,0.0,555.0,74.17,Lithocarpus litseifolius
sp|I1TEM1|T3O_CATRO,XP_030933655.1,54.938,486,210,5,25,506,24,504,0.0,554.0,73.87,Quercus lobata
sp|I1TEM1|T3O_CATRO,XP_062160324.1,55.975,477,199,5,33,506,29,497,0.0,554.0,73.79,Alnus glutinosa
sp|I1TEM1|T3O_CATRO,KAL2517591.1,54.237,472,209,3,37,506,37,503,0.0,553.0,75.85,Abeliophyllum distichum
sp|I1TEM1|T3O_CATRO,XP_027182740.1,54.762,504,217,6,8,505,4,502,0.0,553.0,72.82,Coffea eugenioides
sp|I1TEM1|T3O_CATRO,XP_027080461.1,54.96,504,216,6,8,505,4,502,0.0,552.0,72.62,Coffea arabica
sp|I1TEM1|T3O_CATRO,CAA2966524.1,52.652,509,229,6,1,505,1,501,0.0,551.0,72.3,Olea europaea subsp. europaea
sp|I1TEM1|T3O_CATRO,KAH7849083.1,55.021,478,207,4,30,505,18,489,0.0,551.0,74.27,Vaccinium darrowii
sp|I1TEM1|T3O_CATRO,KAL2548246.1,56.051,471,200,3,37,505,39,504,0.0,551.0,73.46,Forsythia ovata
sp|I1TEM1|T3O_CATRO,KAL2517573.1,54.025,472,210,3,37,506,37,503,0.0,551.0,75.64,Abeliophyllum distichum
sp|I1TEM1|T3O_CATRO,KAM3731377.1,55.533,488,204,7,25,506,24,504,0.0,551.0,73.36,Castanea mollissima
sp|I1TEM1|T3O_CATRO,XP_027182738.1,54.563,504,218,6,8,505,4,502,0.0,551.0,72.62,Coffea eugenioides
sp|I1TEM1|T3O_CATRO,KAI3468346.1,55.202,471,199,4,37,505,37,497,0.0,550.0,74.95,Paulownia fortunei
sp|I1TEM1|T3O_CATRO,XP_071925432.1,55.138,506,210,7,12,505,6,506,0.0,550.0,72.33,Coffea arabica
sp|I1TEM1|T3O_CATRO,XP_027070717.2,54.234,496,214,8,16,503,11,501,0.0,550.0,73.39,Coffea arabica
sp|I1TEM1|T3O_CATRO,XP_022863012.1,52.652,509,229,6,1,505,1,501,0.0,549.0,71.91,Olea europaea var. sylvestris
sp|I1TEM1|T3O_CATRO,KAI3468347.1,52.684,503,223,5,8,505,17,509,0.0,549.0,72.76,Paulownia fortunei
sp|I1TEM1|T3O_CATRO,XP_050252286.1,54.938,486,210,5,25,506,24,504,0.0,549.0,73.66,Quercus robur
sp|I1TEM1|T3O_CATRO,KAK2968207.1,54.274,503,218,6,8,506,22,516,0.0,548.0,70.78,Escallonia rubra
sp|I1TEM1|T3O_CATRO,KAK2977178.1,56.813,477,197,5,32,504,43,514,0.0,548.0,72.54,Escallonia rubra
sp|I1TEM1|T3O_CATRO,KAK3033177.1,54.762,504,214,7,8,505,6,501,0.0,548.0,70.83,Escallonia herrerae
sp|I1TEM1|T3O_CATRO,BAN58140.1,55.649,478,203,5,31,505,26,497,0.0,548.0,72.38,Hyoscyamus albus
sp|A0A161CAI1|T3R_CATRO,WPM01482.1,66.482,361,114,2,1,355,1,360,6.77e-174,495.0,80.33,Rauvolfia tetraphylla
sp|A0A161CAI1|T3R_CATRO,WKU61922.1,67.919,346,110,1,10,355,12,356,7.3e-169,482.0,82.08,Rauvolfia serpentina
sp|A0A161CAI1|T3R_CATRO,WPM01480.1,68.208,346,109,1,10,355,12,356,1.12e-168,481.0,81.79,Rauvolfia tetraphylla
sp|A0A161CAI1|T3R_CATRO,WJM00679.1,62.396,359,125,3,5,353,1,359,3.0200000000000004e-160,460.0,76.88,Mitragyna speciosa
sp|A0A161CAI1|T3R_CATRO,WPM01477.1,64.183,349,124,1,7,355,40,387,3.39e-159,459.0,78.51,Rauvolfia tetraphylla
sp|A0A161CAI1|T3R_CATRO,WPM01478.1,63.873,346,124,1,10,355,12,356,1.24e-157,454.0,78.32,Rauvolfia tetraphylla
sp|A0A161CAI1|T3R_CATRO,XP_051127384.1,58.543,357,145,1,1,354,1,357,1.53e-153,443.0,75.35,Andrographis paniculata
sp|A0A161CAI1|T3R_CATRO,XP_042025790.1,60.92,348,133,1,10,354,11,358,1.11e-151,439.0,77.3,Salvia splendens
sp|A0A161CAI1|T3R_CATRO,VFQ99671.1,58.824,357,140,2,5,355,1,356,5.02e-147,427.0,77.59,Cuscuta campestris
sp|A0A161CAI1|T3R_CATRO,AHK06497.1,61.538,351,126,2,10,354,11,358,5.51e-147,427.0,77.78,Pogostemon cablin
sp|A0A161CAI1|T3R_CATRO,KAM7523848.1,61.318,349,132,1,10,355,11,359,1.06e-146,426.0,76.79,Lonicera macranthoides
sp|A0A161CAI1|T3R_CATRO,MIH5255354.1,58.807,352,142,1,7,355,2,353,1.35e-146,426.0,76.99,Unknown
sp|A0A161CAI1|T3R_CATRO,VFQ88114.1,59.538,346,139,1,10,355,12,356,2.22e-146,425.0,78.9,Cuscuta campestris
sp|A0A161CAI1|T3R_CATRO,WPM01484.1,62.5,352,123,2,10,355,11,359,3.31e-146,425.0,76.7,Rauvolfia tetraphylla
sp|A0A161CAI1|T3R_CATRO,KAI3462151.1,60.724,359,132,2,3,355,4,359,5.12e-146,424.0,76.04,Paulownia fortunei
sp|A0A161CAI1|T3R_CATRO,XP_011097456.1,61.605,349,131,1,10,355,11,359,5.59e-146,424.0,77.08,Sesamum indicum
sp|A0A161CAI1|T3R_CATRO,KAL3625110.1,60.172,349,136,1,10,355,11,359,9.549999999999999e-146,424.0,77.36,Castilleja foliolosa
sp|A0A161CAI1|T3R_CATRO,CAP0063242.1,60.057,348,136,1,10,354,11,358,1.99e-145,423.0,77.01,Coleus comosus x Coleus neochilus
sp|A0A161CAI1|T3R_CATRO,RAL43631.1,58.96,346,141,1,9,354,3,347,2.55e-145,422.0,78.61,Cuscuta australis
sp|A0A161CAI1|T3R_CATRO,CAA2969393.1,59.829,351,132,2,10,354,11,358,2.8800000000000002e-145,422.0,77.21,Olea europaea subsp. europaea
sp|A0A161CAI1|T3R_CATRO,CAI9753221.1,58.939,358,138,2,3,354,4,358,3.21e-145,422.0,76.26,Fraxinus pennsylvanica
sp|A0A161CAI1|T3R_CATRO,XHC56414.1,61.932,352,125,2,10,355,11,359,3.35e-145,422.0,76.42,Ochrosia elliptica
sp|A0A161CAI1|T3R_CATRO,AZB52815.1,61.159,345,131,1,10,351,11,355,3.56e-145,422.0,77.39,Centranthera grandiflora
sp|A0A161CAI1|T3R_CATRO,CAA2969394.1,59.829,351,132,2,10,354,11,358,3.58e-145,422.0,77.21,Olea europaea subsp. europaea
sp|A0A161CAI1|T3R_CATRO,KAH6837513.1,61.08,352,128,2,10,355,11,359,3.58e-145,422.0,77.27,Perilla frutescens var. hirtella
sp|A0A161CAI1|T3R_CATRO,CAO9954191.1,60.057,348,136,1,10,354,11,358,4.18e-145,422.0,76.72,Coleus comosus x Coleus neochilus
sp|A0A161CAI1|T3R_CATRO,A0A0U4AHM6.1,61.932,352,125,2,10,355,11,359,4.55e-145,422.0,76.99,Rauvolfia serpentina
sp|A0A161CAI1|T3R_CATRO,VFQ88112.1,59.104,357,139,2,5,355,1,356,5.05e-145,422.0,76.19,Cuscuta campestris
sp|A0A161CAI1|T3R_CATRO,P0DXJ3.1,63.218,348,125,1,11,355,12,359,6.9e-145,421.0,77.59,Rauvolfia serpentina
sp|A0A161CAI1|T3R_CATRO,XHA77571.1,59.143,350,138,2,10,355,12,360,7.88e-145,421.0,76.57,Gelsemium sempervirens
sp|A0A161CAI1|T3R_CATRO,XP_022851765.1,59.829,351,132,2,10,354,11,358,9.26e-145,421.0,76.92,Olea europaea var. sylvestris
sp|A0A161CAI1|T3R_CATRO,KAL8514819.1,58.807,352,142,1,7,355,2,353,1.08e-144,421.0,76.7,Phlomoides rotata
sp|A0A161CAI1|T3R_CATRO,KAN8657924.1,61.605,349,131,1,10,355,11,359,1.1800000000000001e-144,421.0,77.65,Castilleja parviflora
sp|A0A161CAI1|T3R_CATRO,KAH6799415.1,61.08,352,128,2,10,355,11,359,1.3900000000000002e-144,421.0,77.27,Perilla frutescens var. frutescens
sp|A0A161CAI1|T3R_CATRO,KAK4490413.1,62.178,349,129,1,10,355,11,359,1.77e-144,420.0,76.5,Penstemon davidsonii
sp|P17770|TDC_CATRO,WMM65729.1,88.8,500,55,1,1,500,1,499,0.0,928.0,94.8,Rauvolfia tetraphylla
sp|P17770|TDC_CATRO,ABP96805.1,88.6,500,56,1,1,500,1,499,0.0,904.0,94.2,Rauvolfia verticillata
sp|P17770|TDC_CATRO,AEY82397.1,88.446,502,55,3,1,500,1,501,0.0,889.0,93.23,Vinca minor
sp|P17770|TDC_CATRO,AEY82396.1,86.2,500,68,1,1,500,1,499,0.0,884.0,92.6,Tabernaemontana elegans
sp|P17770|TDC_CATRO,AXK92562.1,76.938,503,113,2,1,500,1,503,0.0,809.0,88.47,Gelsemium sempervirens
sp|P17770|TDC_CATRO,XP_019263725.1,70.319,502,147,1,1,500,1,502,0.0,779.0,84.86,Nicotiana attenuata
sp|P17770|TDC_CATRO,XP_009622485.1,69.92,502,149,1,1,500,1,502,0.0,773.0,84.66,Nicotiana tomentosiformis
sp|P17770|TDC_CATRO,XP_016465650.1,69.92,502,149,1,1,500,1,502,0.0,772.0,84.46,Nicotiana tabacum
sp|P17770|TDC_CATRO,XKQ11358.1,71.657,501,140,1,1,499,1,501,0.0,769.0,86.23,Cinchona pubescens
sp|P17770|TDC_CATRO,XP_009760717.2,69.583,503,150,2,1,500,1,503,0.0,768.0,84.69,Nicotiana sylvestris
sp|P17770|TDC_CATRO,XP_027061199.2,69.781,503,149,2,1,500,1,503,0.0,766.0,85.09,Coffea arabica
sp|P17770|TDC_CATRO,KAL3509742.1,71.457,501,141,1,1,499,1,501,0.0,766.0,86.03,Cinchona calisaya
sp|P17770|TDC_CATRO,QLQ34389.1,71.627,504,138,2,1,499,1,504,0.0,765.0,85.71,Ophiorrhiza pumila
sp|P17770|TDC_CATRO,KAK4368509.1,70.4,500,146,1,1,498,1,500,0.0,765.0,84.0,Anisodus tanguticus
sp|P17770|TDC_CATRO,KAJ8568829.1,69.721,502,150,1,1,500,1,502,0.0,765.0,84.06,Anisodus acutangulus
sp|P17770|TDC_CATRO,KAL3509537.1,69.384,503,151,2,1,500,1,503,0.0,765.0,84.69,Cinchona calisaya
sp|P17770|TDC_CATRO,XP_027061221.1,72.4,500,135,2,1,497,1,500,0.0,765.0,86.0,Coffea arabica
sp|P17770|TDC_CATRO,PHT76536.1,69.124,502,153,1,1,500,1,502,0.0,764.0,83.67,Capsicum annuum
sp|P17770|TDC_CATRO,KAK4714279.1,68.725,502,155,1,1,500,1,502,0.0,764.0,84.66,Solanum pinnatisectum
sp|P17770|TDC_CATRO,XP_027172386.1,72.2,500,136,2,1,497,1,500,0.0,763.0,86.0,Coffea eugenioides
sp|P17770|TDC_CATRO,XP_071904882.1,69.583,503,150,2,1,500,28,530,0.0,763.0,84.69,Coffea arabica
sp|P17770|TDC_CATRO,XP_016580730.1,69.124,502,153,1,1,500,1,502,0.0,762.0,83.67,Capsicum annuum
sp|P17770|TDC_CATRO,XP_027172752.1,69.384,503,151,2,1,500,1,503,0.0,762.0,84.49,Coffea eugenioides
sp|P17770|TDC_CATRO,KAM3395480.1,69.124,502,153,1,1,500,1,502,0.0,762.0,83.47,Capsicum galapagoense
sp|P17770|TDC_CATRO,XP_027172662.1,69.384,503,151,2,1,500,1,503,0.0,762.0,84.69,Coffea eugenioides
sp|P17770|TDC_CATRO,KAF8411242.1,69.124,502,152,2,1,500,1,501,0.0,761.0,84.86,Tetracentron sinense
sp|P17770|TDC_CATRO,XP_015160638.1,68.725,502,155,1,1,500,1,502,0.0,761.0,83.67,Solanum tuberosum
sp|P17770|TDC_CATRO,KAM3301727.1,69.323,502,152,1,1,500,1,502,0.0,761.0,83.27,Capsicum chacoense
sp|P17770|TDC_CATRO,CDP11776.1,71.8,500,138,2,1,497,1,500,0.0,760.0,85.8,Coffea canephora
sp|P17770|TDC_CATRO,PHU12264.1,69.124,502,153,1,1,500,1,502,0.0,760.0,83.47,Capsicum chinense
sp|P17770|TDC_CATRO,PHU12265.1,70.259,501,147,1,1,499,1,501,0.0,759.0,82.04,Capsicum chinense
sp|P17770|TDC_CATRO,XP_027063707.1,71.6,500,139,2,1,497,1,500,0.0,759.0,85.8,Coffea arabica
sp|P17770|TDC_CATRO,PHT43311.1,70.06,501,148,1,1,499,1,501,0.0,759.0,82.04,Capsicum baccatum
sp|P17770|TDC_CATRO,KAK6785055.1,68.725,502,155,1,1,500,1,502,0.0,759.0,84.06,Solanum bulbocastanum
sp|P17770|TDC_CATRO,XP_059284124.1,68.725,502,155,1,1,500,1,502,0.0,759.0,83.27,Lycium ferocissimum
sp|P17770|TDC_CATRO,XP_060189824.1,68.725,502,155,1,1,500,1,502,0.0,759.0,83.27,Lycium barbarum
sp|P17770|TDC_CATRO,NP_001312016.1,69.721,502,150,1,1,500,1,502,0.0,758.0,82.07,Capsicum annuum
sp|P17770|TDC_CATRO,KAN2019259.1,68.725,502,155,1,1,500,1,502,0.0,758.0,84.06,Solanum demissum
sp|P17770|TDC_CATRO,KAN2064893.1,68.327,502,157,1,1,500,51,552,0.0,758.0,83.67,Solanum demissum
sp|P17770|TDC_CATRO,TMW84277.1,68.526,502,156,1,1,500,1,502,0.0,758.0,84.66,Solanum chilense
sp|P17770|TDC_CATRO,KAM3301726.1,70.06,501,148,1,1,499,1,501,0.0,758.0,82.04,Capsicum chacoense
sp|P17770|TDC_CATRO,KAF3633288.1,69.522,502,151,1,1,500,1,502,0.0,758.0,82.07,Capsicum annuum
sp|P17770|TDC_CATRO,KAO0575152.1,68.526,502,156,1,1,500,1,502,0.0,758.0,84.46,Solanum pimpinellifolium
sp|P17770|TDC_CATRO,KAH0656272.1,68.526,502,156,1,1,500,1,502,0.0,758.0,83.86,Solanum tuberosum
sp|P17770|TDC_CATRO,PHT76535.1,69.522,502,151,1,1,500,1,502,0.0,757.0,82.07,Capsicum annuum
sp|P17770|TDC_CATRO,KAM3395479.1,69.522,502,151,1,1,500,1,502,0.0,757.0,82.07,Capsicum galapagoense
sp|P17770|TDC_CATRO,CAQ5420717.1,68.327,502,157,1,1,500,1,502,0.0,756.0,84.46,Solanum cheesmaniae
sp|A0A2P1GIW3|TS_CATRO,AYE56105.1,83.962,318,48,3,3,319,7,322,0.0,550.0,90.25,Tabernaemontana elegans
sp|A0A2P1GIW3|TS_CATRO,A0A5B8X6S2.1,82.704,318,52,3,3,319,7,322,0.0,548.0,91.19,Tabernanthe iboga
sp|A0A2P1GIW3|TS_CATRO,AYE56104.1,83.596,317,49,3,4,319,8,322,0.0,547.0,90.54,Tabernaemontana elegans
sp|A0A2P1GIW3|TS_CATRO,WRU92893.1,82.704,318,52,3,3,319,7,322,0.0,547.0,90.57,Tabernaemontana divaricata
sp|A0A2P1GIW3|TS_CATRO,WRU92890.1,83.019,318,51,3,3,319,7,322,0.0,546.0,90.88,Rhazya stricta
sp|A0A2P1GIW3|TS_CATRO,AYE56107.1,83.699,319,47,4,2,319,6,320,0.0,544.0,90.91,Amsonia hubrichtii
sp|A0A2P1GIW3|TS_CATRO,WRU92868.1,83.386,319,48,4,2,319,6,320,0.0,542.0,90.6,Amsonia hubrichtii
sp|A0A2P1GIW3|TS_CATRO,WRU92884.1,81.761,318,55,3,3,319,7,322,0.0,536.0,90.25,Melodinus tenuicaudatus
sp|A0A2P1GIW3|TS_CATRO,AYE56108.1,79.624,319,62,3,3,320,7,323,0.0,532.0,89.97,Vinca minor
sp|A0A2P1GIW3|TS_CATRO,A0A5B8X6B5.1,74.295,319,79,3,2,319,6,322,3.1599999999999998e-174,493.0,85.27,Tabernanthe iboga
sp|A0A2P1GIW3|TS_CATRO,6RJ8_A,74.528,318,78,3,3,319,8,323,3.82e-174,493.0,85.53,Tabernanthe iboga
sp|A0A2P1GIW3|TS_CATRO,WRU92894.1,75.786,318,74,3,3,319,7,322,7.61e-170,482.0,87.11,Tabernaemontana divaricata
sp|A0A2P1GIW3|TS_CATRO,WRU92885.1,73.041,319,82,4,2,319,6,321,7.16e-169,479.0,84.64,Melodinus tenuicaudatus
sp|A0A2P1GIW3|TS_CATRO,WRU92896.1,74.922,319,77,3,2,319,6,322,8.94e-169,479.0,86.21,Tabernaemontana elegans
sp|A0A2P1GIW3|TS_CATRO,WRU92895.1,69.062,320,95,4,2,320,6,322,7.190000000000001e-157,449.0,80.0,Tabernaemontana divaricata
sp|A0A2P1GIW3|TS_CATRO,WRU92902.1,68.868,318,95,4,4,320,8,322,2.35e-156,447.0,80.82,Tabernanthe iboga
sp|A0A2P1GIW3|TS_CATRO,WRU92897.1,68.438,320,97,4,2,320,6,322,2.33e-154,442.0,79.69,Tabernaemontana elegans
sp|A0A2P1GIW3|TS_CATRO,WRU92886.1,57.716,324,126,5,3,320,2,320,6.33e-130,380.0,74.38,Melodinus tenuicaudatus
sp|A0A2P1GIW3|TS_CATRO,WRU92869.1,58.025,324,124,6,3,320,2,319,3.39e-127,374.0,74.07,Amsonia hubrichtii
sp|A0A2P1GIW3|TS_CATRO,WRU92903.1,57.099,324,128,6,3,320,2,320,4.46e-127,373.0,72.84,Tabernanthe iboga
sp|A0A2P1GIW3|TS_CATRO,WRU92898.1,56.79,324,129,6,3,320,2,320,7.06e-127,373.0,73.77,Tabernaemontana elegans
sp|A0A2P1GIW3|TS_CATRO,AYE56106.1,56.79,324,129,6,3,320,48,366,3.39e-126,373.0,73.77,Tabernaemontana elegans
sp|A0A2P1GIW3|TS_CATRO,WRU92892.1,56.615,325,129,6,3,320,2,321,3.6500000000000003e-125,368.0,72.92,Rauvolfia tetraphylla
sp|A0A2P1GIW3|TS_CATRO,WRU92891.1,57.407,324,126,6,3,320,2,319,2.9e-124,366.0,73.15,Rhazya stricta
sp|A0A2P1GIW3|TS_CATRO,WRU92908.1,56.575,327,128,6,3,320,2,323,1.91e-122,362.0,70.95,Vinca minor
sp|A0A2P1GIW3|TS_CATRO,WRU92870.1,53.894,321,136,8,3,319,4,316,2.75e-114,340.0,73.21,Amsonia hubrichtii
sp|A0A2P1GIW3|TS_CATRO,WRU92899.1,54.489,323,134,8,3,320,5,319,3.04e-113,338.0,69.97,Tabernaemontana elegans
sp|A0A2P1GIW3|TS_CATRO,WRU92882.1,55.0,320,133,6,4,320,5,316,3.34e-113,338.0,70.62,Mitragyna speciosa
sp|A0A2P1GIW3|TS_CATRO,XP_027164246.1,53.75,320,137,6,4,320,6,317,9.22e-113,337.0,71.56,Coffea eugenioides
sp|A0A2P1GIW3|TS_CATRO,WRU92871.1,55.14,321,129,6,3,320,4,312,2.95e-112,335.0,68.54,Amsonia hubrichtii
sp|A0A2P1GIW3|TS_CATRO,XP_027116251.1,54.062,320,136,6,4,320,6,317,3.73e-111,333.0,70.62,Coffea arabica
sp|A0A2P1GIW3|TS_CATRO,WRU92904.1,53.251,323,138,8,3,320,5,319,5.06e-111,332.0,70.28,Tabernanthe iboga
sp|A0A2P1GIW3|TS_CATRO,XP_027121267.2,52.923,325,140,7,1,320,1,317,7.57e-111,332.0,70.77,Coffea arabica
sp|A0A2P1GIW3|TS_CATRO,KAL3507920.1,53.231,325,143,6,1,320,1,321,5.47e-110,330.0,68.92,Cinchona calisaya
sp|A0A2P1GIW3|TS_CATRO,WRU92887.1,52.941,323,139,8,3,320,5,319,2.68e-109,328.0,69.35,Melodinus tenuicaudatus
sp|A0A2P1GIW3|TS_CATRO,WRU92888.1,52.648,321,136,6,3,320,4,311,1.45e-108,326.0,69.16,Melodinus tenuicaudatus
sp|A0A2P1GIW3|TS_CATRO,KAL3507921.1,52.923,325,144,6,1,320,1,321,2.09e-108,326.0,68.62,Cinchona calisaya
